"Title","URL handle","Description","Vendor","Published on online store","Status","Image Src","Inventory quantity","Price","Price / International","Compare-at price","Tags"
"Jayamohan Kurunavalgal Kilakku Pathippagam","jayamohan-kurunavalgal-kilakku-pathippagam","<p>
  <strong>Book Title:</strong> ஜெயமோகன் குறுநாவல்கள் (Jayamohan Kurunavalgal Kilakku Pathippagam)<br>
  <strong>Author:</strong>
  <a href=""https://dodobooks.in/collections/jayamohan"" title=""jayamohan"">
   ஜெயமோகன் (Jayamohan)
  </a><br>
  <strong>Publisher:</strong>
  <a href=""https://dodobooks.in/collections/kizhakku-pathippagam"" title=""kizhakku-pathippagam"">
    கிழக்கு பதிப்பகம் (Kizhakku Pathippagam)
  </a><br>
  <strong>Year:</strong> 2011<br>
  <strong>Category:</strong>
  <a href=""https://dodobooks.in/collections/novel"" title=""novel"">
   நாவல் (Novel)
  </a><br>
  <strong>Subject:</strong> பிற (Pira)<br>
  <strong>No. of pages:</strong> 320<br>
  <strong>Language:</strong> தமிழ் (Tamil)<br>
  <strong>Book format:</strong> Paper Back<br>
  <strong>ISBN:</strong> 9788184936674
</p>","dodobooks","TRUE","draft","https://samuvelraja.github.io/prodfilter/upscaled/kurunovel_jeyamohan_jpg.webp","","350","","","Kizhakku Pathippagam, Jayamohan, Novel, tamil-books"
"Iravu","iravu","<p>
  <strong>Book Title:</strong> இரவு (Iravu)<br>
  <strong>Author:</strong>
  <a href=""https://dodobooks.in/collections/jayamohan"" title=""jayamohan"">
   ஜெயமோகன் (Jayamohan)
  </a><br>
  <strong>Publisher:</strong>
  <a href=""https://dodobooks.in/collections/thamizhini"" title=""thamizhini"">
    தமிழினி (Thamizhini)
  </a><br>
  <strong>Year:</strong> 2011<br>
  <strong>Category:</strong>
  <a href=""https://dodobooks.in/collections/novel"" title=""novel"">
   நாவல் (Novel)
  </a><br>
  <strong>Subject:</strong> பிற (Pira)<br>
  <strong>No. of pages:</strong> 240<br>
  <strong>Language:</strong> தமிழ் (Tamil)<br>
  <strong>Book format:</strong> Paper Back<br>
  <strong>ISBN:</strong> -
</p>","dodobooks","TRUE","draft","https://samuvelraja.github.io/prodfilter/upscaled/iravu_jpg.webp","","270","","","Thamizhini, Jayamohan, Novel, tamil-books"
"Naveena Thamizhilakkiya Arimugam","naveena-thamizhilakkiya-arimugam","<p>
  <strong>Book Title:</strong> நவீனத் தமிழிலக்கிய அறிமுகம் (Naveena Thamizhilakkiya Arimugam)<br>
  <strong>Author:</strong>
  <a href=""https://dodobooks.in/collections/jayamohan"" title=""jayamohan"">
   ஜெயமோகன் (Jayamohan)
  </a><br>
  <strong>Publisher:</strong>
  <a href=""https://dodobooks.in/collections/kizhakku-pathippagam"" title=""kizhakku-pathippagam"">
    கிழக்கு பதிப்பகம் (Kizhakku Pathippagam)
  </a><br>
  <strong>Year:</strong> 2011<br>
  <strong>Category:</strong>
  <a href=""https://dodobooks.in/collections/katturai"" title=""katturai"">
   கட்டுரை (Katturai)
  </a><br>
  <strong>Subject:</strong> இலக்கியம் (Ilakiyam)<br>
  <strong>No. of pages:</strong> 345<br>
  <strong>Language:</strong> தமிழ் (Tamil)<br>
  <strong>Book format:</strong> Paper Back<br>
  <strong>ISBN:</strong> 9788184936896
</p>","dodobooks","TRUE","draft","https://samuvelraja.github.io/prodfilter/upscaled/naveena-thamizhilakkiya-arimugam_jpg.webp","","440","","","Kizhakku Pathippagam, Jayamohan, Katturai, tamil-books"
"Visumbu","visumbu","<p>
  <strong>Book Title:</strong> விசும்பு (Visumbu)<br>
  <strong>Author:</strong>
  <a href=""https://dodobooks.in/collections/jayamohan"" title=""jayamohan"">
   ஜெயமோகன் (Jayamohan)
  </a><br>
  <strong>Publisher:</strong>
  <a href=""https://dodobooks.in/collections/kizhakku-pathippagam"" title=""kizhakku-pathippagam"">
    கிழக்கு பதிப்பகம் (Kizhakku Pathippagam)
  </a><br>
  <strong>Year:</strong> 2010<br>
  <strong>Category:</strong>
  <a href=""https://dodobooks.in/collections/short-story"" title=""short-story"">
   சிறுகதை (Short Story)
  </a><br>
  <strong>Subject:</strong> அறிவியல் புனைவு (Ariviyal Punaivu)<br>
  <strong>No. of pages:</strong> 136<br>
  <strong>Language:</strong> தமிழ் (Tamil)<br>
  <strong>Book format:</strong> Paper Back<br>
  <strong>ISBN:</strong> 9788184936100
</p>","dodobooks","TRUE","draft","https://samuvelraja.github.io/prodfilter/upscaled/visumbu-ariviyal-punaikathaigal_jpg.webp","","190","","","Kizhakku Pathippagam, Jayamohan, Short Story, tamil-books"
"Naval Kotpaadu","naval-kotpaadu","<p>
  <strong>Book Title:</strong> நாவல்: கோட்பாடு (Naval Kotpaadu)<br>
  <strong>Author:</strong>
  <a href=""https://dodobooks.in/collections/jayamohan"" title=""jayamohan"">
   ஜெயமோகன் (Jayamohan)
  </a><br>
  <strong>Publisher:</strong>
  <a href=""https://dodobooks.in/collections/kizhakku-pathippagam"" title=""kizhakku-pathippagam"">
    கிழக்கு பதிப்பகம் (Kizhakku Pathippagam)
  </a><br>
  <strong>Year:</strong> 2009<br>
  <strong>Category:</strong>
  <a href=""https://dodobooks.in/collections/katturai"" title=""katturai"">
   கட்டுரை (Katturai)
  </a><br>
  <strong>Subject:</strong> இலக்கியம் (Ilakiyam)<br>
  <strong>No. of pages:</strong> 144<br>
  <strong>Language:</strong> தமிழ் (Tamil)<br>
  <strong>Book format:</strong> Paper Back<br>
  <strong>ISBN:</strong> 9788184933864
</p>","dodobooks","TRUE","draft","https://samuvelraja.github.io/prodfilter/upscaled/naaval-koatpaadu_jpg.webp","","175","","","Kizhakku Pathippagam, Jayamohan, Katturai, tamil-books"
"Pani Manithan Kilakku Pathippagam","pani-manithan-kilakku-pathippagam","<p>
  <strong>Book Title:</strong> பனி மனிதன் (Pani Manithan Kilakku Pathippagam)<br>
  <strong>Author:</strong>
  <a href=""https://dodobooks.in/collections/jayamohan"" title=""jayamohan"">
   ஜெயமோகன் (Jayamohan)
  </a><br>
  <strong>Publisher:</strong>
  <a href=""https://dodobooks.in/collections/kizhakku-pathippagam"" title=""kizhakku-pathippagam"">
    கிழக்கு பதிப்பகம் (Kizhakku Pathippagam)
  </a><br>
  <strong>Year:</strong> 2009<br>
  <strong>Category:</strong>
  <a href=""https://dodobooks.in/collections/novel"" title=""novel"">
   நாவல் (Novel)
  </a><br>
  <strong>Subject:</strong> பிற (Pira)<br>
  <strong>No. of pages:</strong> 256<br>
  <strong>Language:</strong> தமிழ் (Tamil)<br>
  <strong>Book format:</strong> Paper Back<br>
  <strong>ISBN:</strong> 9788184933857
</p>","dodobooks","TRUE","draft","https://samuvelraja.github.io/prodfilter/upscaled/pani-manithan-jayamohan-kizhakku_jpg.webp","","275","","","Kizhakku Pathippagam, Jayamohan, Novel, tamil-books"
"Merkuchaalaram","merkuchaalaram","<p>
  <strong>Book Title:</strong> மேற்குச்சாளரம் (Merkuchaalaram)<br>
  <strong>Author:</strong>
  <a href=""https://dodobooks.in/collections/jayamohan"" title=""jayamohan"">
   ஜெயமோகன் (Jayamohan)
  </a><br>
  <strong>Publisher:</strong>
  <a href=""https://dodobooks.in/collections/uyirmai-pathippagam"" title=""uyirmai-pathippagam"">
    உயிர்மை பதிப்பகம் (Uyirmai Pathippagam)
  </a><br>
  <strong>Year:</strong> 2009<br>
  <strong>Category:</strong>
  <a href=""https://dodobooks.in/collections/katturai"" title=""katturai"">
   கட்டுரை (Katturai)
  </a><br>
  <strong>Subject:</strong> இலக்கியம் (Ilakiyam)<br>
  <strong>No. of pages:</strong> 128<br>
  <strong>Language:</strong> தமிழ் (Tamil)<br>
  <strong>Book format:</strong> Paper Back<br>
  <strong>ISBN:</strong> 9789380072296
</p>","dodobooks","TRUE","draft","https://samuvelraja.github.io/prodfilter/upscaled/maerkuchchaalaram_jpg.webp","","78","","","Uyirmai Pathippagam, Jayamohan, Katturai, tamil-books"
"Logi Ninaivugal Mathipeedugal Uyirmai Pathippagam","logi-ninaivugal-mathipeedugal-uyirmai-pathippagam","<p>
  <strong>Book Title:</strong> லோகி: நினைவுகள் - மதிப்பீடுகள் (Logi Ninaivugal Mathipeedugal Uyirmai Pathippagam)<br>
  <strong>Author:</strong>
  <a href=""https://dodobooks.in/collections/jayamohan"" title=""jayamohan"">
   ஜெயமோகன் (Jayamohan)
  </a><br>
  <strong>Publisher:</strong>
  <a href=""https://dodobooks.in/collections/uyirmai-pathippagam"" title=""uyirmai-pathippagam"">
    உயிர்மை பதிப்பகம் (Uyirmai Pathippagam)
  </a><br>
  <strong>Year:</strong> 2009<br>
  <strong>Category:</strong>
  <a href=""https://dodobooks.in/collections/naadkurippu-ninaivukkurippu"" title=""naadkurippu-ninaivukkurippu"">
   நாட்குறிப்பு / நினைவுக்குறிப்பு (Naadkurippu / Ninaivukkurippu)
  </a><br>
  <strong>Subject:</strong> சினிமா (Cinema)<br>
  <strong>No. of pages:</strong> 128<br>
  <strong>Language:</strong> தமிழ் (Tamil)<br>
  <strong>Book format:</strong> Paper Back<br>
  <strong>ISBN:</strong> 9789380072357
</p>","dodobooks","TRUE","draft","https://samuvelraja.github.io/prodfilter/upscaled/logi-ninaivugal-mathipeedugal-uyirmai_jpg.webp","","75","","","Uyirmai Pathippagam, Jayamohan, Naadkurippu / Ninaivukkurippu, tamil-books"
"Puthiya Kaalam","puthiya-kaalam","<p>
  <strong>Book Title:</strong> புதிய காலம் (Puthiya Kaalam)<br>
  <strong>Author:</strong>
  <a href=""https://dodobooks.in/collections/jayamohan"" title=""jayamohan"">
   ஜெயமோகன் (Jayamohan)
  </a><br>
  <strong>Publisher:</strong>
  <a href=""https://dodobooks.in/collections/uyirmai-pathippagam"" title=""uyirmai-pathippagam"">
    உயிர்மை பதிப்பகம் (Uyirmai Pathippagam)
  </a><br>
  <strong>Year:</strong> 2009<br>
  <strong>Category:</strong>
  <a href=""https://dodobooks.in/collections/katturai"" title=""katturai"">
   கட்டுரை (Katturai)
  </a><br>
  <strong>Subject:</strong> இலக்கியம் (Ilakiyam)<br>
  <strong>No. of pages:</strong> 290<br>
  <strong>Language:</strong> தமிழ் (Tamil)<br>
  <strong>Book format:</strong> Paper Back<br>
  <strong>ISBN:</strong> 9789380072340
</p>","dodobooks","TRUE","draft","https://samuvelraja.github.io/prodfilter/upscaled/puthiya-kaalam-sila-samakaala-ezhuththaalarkal_jpg.webp","","170","","","Uyirmai Pathippagam, Jayamohan, Katturai, tamil-books"
"Saatchi Mozhi Sila Arasiyal Kurippugal","saatchi-mozhi-sila-arasiyal-kurippugal","<p>
  <strong>Book Title:</strong> சாட்சி மொழி: சில அரசியல் குறிப்புகள் (Saatchi Mozhi Sila Arasiyal Kurippugal)<br>
  <strong>Author:</strong>
  <a href=""https://dodobooks.in/collections/jayamohan"" title=""jayamohan"">
   ஜெயமோகன் (Jayamohan)
  </a><br>
  <strong>Publisher:</strong>
  <a href=""https://dodobooks.in/collections/uyirmai-pathippagam"" title=""uyirmai-pathippagam"">
    உயிர்மை பதிப்பகம் (Uyirmai Pathippagam)
  </a><br>
  <strong>Year:</strong> 2009<br>
  <strong>Category:</strong>
  <a href=""https://dodobooks.in/collections/katturai"" title=""katturai"">
   கட்டுரை (Katturai)
  </a><br>
  <strong>Subject:</strong> பிற (Pira)<br>
  <strong>No. of pages:</strong> 272<br>
  <strong>Language:</strong> தமிழ் (Tamil)<br>
  <strong>Book format:</strong> Paper Back<br>
  <strong>ISBN:</strong> 9789380072388
</p>","dodobooks","TRUE","draft","https://samuvelraja.github.io/prodfilter/upscaled/satchi_mozhi_jpg.webp","","160","","","Uyirmai Pathippagam, Jayamohan, Katturai, tamil-books"
"Vaazhvile Oru Murai","vaazhvile-oru-murai","<p>
  <strong>Book Title:</strong> வாழ்விலே ஒரு முறை (Vaazhvile Oru Murai)<br>
  <strong>Author:</strong>
  <a href=""https://dodobooks.in/collections/jayamohan"" title=""jayamohan"">
   ஜெயமோகன் (Jayamohan)
  </a><br>
  <strong>Publisher:</strong>
  <a href=""https://dodobooks.in/collections/kizhakku-pathippagam"" title=""kizhakku-pathippagam"">
    கிழக்கு பதிப்பகம் (Kizhakku Pathippagam)
  </a><br>
  <strong>Year:</strong> 2009<br>
  <strong>Category:</strong>
  <a href=""https://dodobooks.in/collections/short-story"" title=""short-story"">
   சிறுகதை (Short Story)
  </a><br>
  <strong>Subject:</strong> பிற (Pira)<br>
  <strong>No. of pages:</strong> 128<br>
  <strong>Language:</strong> தமிழ் (Tamil)<br>
  <strong>Book format:</strong> Paper Back<br>
  <strong>ISBN:</strong> 9788184933840
</p>","dodobooks","TRUE","draft","https://samuvelraja.github.io/prodfilter/upscaled/vazhvilae-oru-murai_jpg.webp","","180","","","Kizhakku Pathippagam, Jayamohan, Short Story, tamil-books"
"Indhu Gnaana Marabil Aaru Dharisanangal","indhu-gnaana-marabil-aaru-dharisanangal","<p>
  <strong>Book Title:</strong> இந்து ஞான மரபில் ஆறு தரிசனங்கள் (Indhu Gnaana Marabil Aaru Dharisanangal)<br>
  <strong>Author:</strong>
  <a href=""https://dodobooks.in/collections/jayamohan"" title=""jayamohan"">
   ஜெயமோகன் (Jayamohan)
  </a><br>
  <strong>Publisher:</strong>
  <a href=""https://dodobooks.in/collections/kizhakku-pathippagam"" title=""kizhakku-pathippagam"">
    கிழக்கு பதிப்பகம் (Kizhakku Pathippagam)
  </a><br>
  <strong>Year:</strong> 2009<br>
  <strong>Category:</strong>
  <a href=""https://dodobooks.in/collections/katturai"" title=""katturai"">
   கட்டுரை (Katturai)
  </a><br>
  <strong>Subject:</strong> இந்து மதம் (Hindu Matham)<br>
  <strong>No. of pages:</strong> 200<br>
  <strong>Language:</strong> தமிழ் (Tamil)<br>
  <strong>Book format:</strong> Paper Back<br>
  <strong>ISBN:</strong> 9788184933833
</p>","dodobooks","TRUE","draft","https://samuvelraja.github.io/prodfilter/upscaled/indhu-gnana-marabial-aaru-dharisanangal_jpg.webp","","235","","","Kizhakku Pathippagam, Jayamohan, Katturai, tamil-books"
"Kanneerai Pinthodarthal","kanneerai-pinthodarthal","<p>
  <strong>Book Title:</strong> கண்ணீரைப் பின்தொடர்தல் (Kanneerai Pinthodarthal)<br>
  <strong>Author:</strong>
  <a href=""https://dodobooks.in/collections/jayamohan"" title=""jayamohan"">
   ஜெயமோகன் (Jayamohan)
  </a><br>
  <strong>Publisher:</strong>
  <a href=""https://dodobooks.in/collections/uyirmai-pathippagam"" title=""uyirmai-pathippagam"">
    உயிர்மை பதிப்பகம் (Uyirmai Pathippagam)
  </a><br>
  <strong>Year:</strong> 2006<br>
  <strong>Category:</strong>
  <a href=""https://dodobooks.in/collections/katturai"" title=""katturai"">
   கட்டுரை (Katturai)
  </a><br>
  <strong>Subject:</strong> இலக்கியம் (Ilakiyam)<br>
  <strong>No. of pages:</strong> 214<br>
  <strong>Language:</strong> தமிழ் (Tamil)<br>
  <strong>Book format:</strong> Paper Back<br>
  <strong>ISBN:</strong> 8188641995
</p>","dodobooks","TRUE","draft","https://samuvelraja.github.io/prodfilter/upscaled/kanneerai-pinthodarthal_jpg.webp","","125","","","Uyirmai Pathippagam, Jayamohan, Katturai, tamil-books"
"Jananaayaga Sodhanai Saalaiyil","jananaayaga-sodhanai-saalaiyil","<p>
  <strong>Book Title:</strong> ஜனநாயகச் சோதனைச் சாலையில் (Jananaayaga Sodhanai Saalaiyil)<br>
  <strong>Author:</strong>
  <a href=""https://dodobooks.in/collections/jayamohan"" title=""jayamohan"">
   ஜெயமோகன் (Jayamohan)
  </a><br>
  <strong>Publisher:</strong>
  <a href=""https://dodobooks.in/collections/dinamalar"" title=""dinamalar"">
    தினமலர் (Dinamalar)
  </a><br>
  <strong>Year:</strong> -<br>
  <strong>Category:</strong>
  <a href=""https://dodobooks.in/collections/pira"" title=""pira"">
   - (-)
  </a><br>
  <strong>Subject:</strong> - (-)<br>
  <strong>No. of pages:</strong> 240<br>
  <strong>Language:</strong> தமிழ் (Tamil)<br>
  <strong>Book format:</strong> Paper Back<br>
  <strong>ISBN:</strong> -
</p>","dodobooks","TRUE","draft","https://samuvelraja.github.io/prodfilter/upscaled/jananayaga-sothanai-salaiyil_jpg.webp","","175","","","Dinamalar, Jayamohan, tamil-books"
"Ivargal Irundhaargal","ivargal-irundhaargal","<p>
  <strong>Book Title:</strong> இவர்கள் இருந்தார்கள் (Ivargal Irundhaargal)<br>
  <strong>Author:</strong>
  <a href=""https://dodobooks.in/collections/jayamohan"" title=""jayamohan"">
   ஜெயமோகன் (Jayamohan)
  </a><br>
  <strong>Publisher:</strong>
  <a href=""https://dodobooks.in/collections/natrinai-padhipagam"" title=""natrinai-padhipagam"">
    நற்றிணை பதிப்பகம் (Natrinai Padhipagam)
  </a><br>
  <strong>Year:</strong> -<br>
  <strong>Category:</strong>
  <a href=""https://dodobooks.in/collections/biography"" title=""biography"">
   வாழ்க்கை வரலாறு (Biography)
  </a><br>
  <strong>Subject:</strong> இலக்கியம் (Ilakiyam)<br>
  <strong>No. of pages:</strong> -<br>
  <strong>Language:</strong> தமிழ் (Tamil)<br>
  <strong>Book format:</strong> Paper Back<br>
  <strong>ISBN:</strong> -
</p>","dodobooks","TRUE","draft","https://samuvelraja.github.io/prodfilter/upscaled/ivarkal-iruntharkal_jpg.webp","","160","","","Natrinai Padhipagam, Jayamohan, Biography, tamil-books"
"Aram Thanikathai","aram-thanikathai","<p>
  <strong>Book Title:</strong> அறம் (Aram Thanikathai)<br>
  <strong>Author:</strong>
  <a href=""https://dodobooks.in/collections/jayamohan"" title=""jayamohan"">
   ஜெயமோகன் (Jayamohan)
  </a><br>
  <strong>Publisher:</strong>
  <a href=""https://dodobooks.in/collections/vamsi-books"" title=""vamsi-books"">
    வம்சி புக்ஸ் (Vamsi Books)
  </a><br>
  <strong>Year:</strong> -<br>
  <strong>Category:</strong>
  <a href=""https://dodobooks.in/collections/short-story"" title=""short-story"">
   சிறுகதை (Short Story)
  </a><br>
  <strong>Subject:</strong> பிற (Pira)<br>
  <strong>No. of pages:</strong> -<br>
  <strong>Language:</strong> தமிழ் (Tamil)<br>
  <strong>Book format:</strong> Paper Back<br>
  <strong>ISBN:</strong> -
</p>","dodobooks","TRUE","draft","https://samuvelraja.github.io/prodfilter/upscaled/aram_jpg.webp","","20","","","Vamsi Books, Jayamohan, Short Story, tamil-books"
"Sotru Kanakku","sotru-kanakku","<p>
  <strong>Book Title:</strong> சோற்றுக் கணக்கு (Sotru Kanakku)<br>
  <strong>Author:</strong>
  <a href=""https://dodobooks.in/collections/jayamohan"" title=""jayamohan"">
   ஜெயமோகன் (Jayamohan)
  </a><br>
  <strong>Publisher:</strong>
  <a href=""https://dodobooks.in/collections/vamsi-books"" title=""vamsi-books"">
    வம்சி புக்ஸ் (Vamsi Books)
  </a><br>
  <strong>Year:</strong> --<br>
  <strong>Category:</strong>
  <a href=""https://dodobooks.in/collections/short-story"" title=""short-story"">
   சிறுகதை (Short Story)
  </a><br>
  <strong>Subject:</strong> பிற (Pira)<br>
  <strong>No. of pages:</strong> -<br>
  <strong>Language:</strong> தமிழ் (Tamil)<br>
  <strong>Book format:</strong> Paper Back<br>
  <strong>ISBN:</strong> 9789384598549
</p>","dodobooks","TRUE","draft","https://samuvelraja.github.io/prodfilter/upscaled/sotrukkanakku_jayamohan_vamsi_jpg.webp","","20","","","Vamsi Books, Jayamohan, Short Story, tamil-books"
"Yaanai Doctor","yaanai-doctor","<p>
  <strong>Book Title:</strong> Yaanai Doctor (Yaanai Doctor)<br>
  <strong>Author:</strong>
  <a href=""https://dodobooks.in/collections/jayamohan"" title=""jayamohan"">
   ஜெயமோகன் (Jayamohan)
  </a><br>
  <strong>Publisher:</strong>
  <a href=""https://dodobooks.in/collections/vamsi-books"" title=""vamsi-books"">
    Vamsi Books (Vamsi Books)
  </a><br>
  <strong>Year:</strong> -<br>
  <strong>Category:</strong>
  <a href=""https://dodobooks.in/collections/short-story"" title=""short-story"">
   Short Story, Translation  (Short Story, Translation)
  </a><br>
  <strong>Subject:</strong> Miscellaneous (Miscellaneous)<br>
  <strong>No. of pages:</strong> -<br>
  <strong>Language:</strong> English (English)<br>
  <strong>Book format:</strong> Paper Back<br>
  <strong>ISBN:</strong> -
</p>","dodobooks","TRUE","draft","https://samuvelraja.github.io/prodfilter/upscaled/yaanai-doctor-jayamohan-vamsi_jpg.webp","","60","","","Vamsi Books, Jayamohan, Short Story, Translation, tamil-books"
"Kanniyakumari Kavithapublication","kanniyakumari-kavithapublication","<p>
  <strong>Book Title:</strong> கன்னியாகுமரி (Kanniyakumari Kavithapublication)<br>
  <strong>Author:</strong>
  <a href=""https://dodobooks.in/collections/jayamohan"" title=""jayamohan"">
   ஜெயமோகன் (Jayamohan)
  </a><br>
  <strong>Publisher:</strong>
  <a href=""https://dodobooks.in/collections/kavitha-publication"" title=""kavitha-publication"">
    கவிதா பப்ளிகேஷன் (Kavitha Publication)
  </a><br>
  <strong>Year:</strong> -<br>
  <strong>Category:</strong>
  <a href=""https://dodobooks.in/collections/pira"" title=""pira"">
   - (-)
  </a><br>
  <strong>Subject:</strong> - (-)<br>
  <strong>No. of pages:</strong> -<br>
  <strong>Language:</strong> தமிழ் (Tamil)<br>
  <strong>Book format:</strong> Paper Back<br>
  <strong>ISBN:</strong> -
</p>","dodobooks","TRUE","draft","https://samuvelraja.github.io/prodfilter/upscaled/kanniyakumari_jayamohan_jpg.webp","","100","","","Kavitha Publication, Jayamohan, tamil-books"
"Koondhal","koondhal","<p>
  <strong>Book Title:</strong> கூந்தல் (Koondhal)<br>
  <strong>Author:</strong>
  <a href=""https://dodobooks.in/collections/jayamohan"" title=""jayamohan"">
   ஜெயமோகன் (Jayamohan)
  </a><br>
  <strong>Publisher:</strong>
  <a href=""https://dodobooks.in/collections/kavitha-publication"" title=""kavitha-publication"">
    கவிதா பப்ளிகேஷன் (Kavitha Publication)
  </a><br>
  <strong>Year:</strong> -<br>
  <strong>Category:</strong>
  <a href=""https://dodobooks.in/collections/short-story"" title=""short-story"">
   சிறுகதை (Short Story)
  </a><br>
  <strong>Subject:</strong> - (-)<br>
  <strong>No. of pages:</strong> -<br>
  <strong>Language:</strong> தமிழ் (Tamil)<br>
  <strong>Book format:</strong> Paper Back<br>
  <strong>ISBN:</strong> -
</p>","dodobooks","TRUE","draft","https://samuvelraja.github.io/prodfilter/upscaled/koonthal_jayamohan_kavitha_jpg.webp","","60","","","Kavitha Publication, Jayamohan, Short Story, tamil-books"
"Venmugil Nagaram Thoguthi 1  2","venmugil-nagaram-thoguthi-1--2","<p>
  <strong>Book Title:</strong> வெண்முகில் நகரம் (தொகுதி 1 & 2) (Venmugil Nagaram Thoguthi 1  2)<br>
  <strong>Author:</strong>
  <a href=""https://dodobooks.in/collections/jayamohan"" title=""jayamohan"">
   ஜெயமோகன் (Jayamohan)
  </a><br>
  <strong>Publisher:</strong>
  <a href=""https://dodobooks.in/collections/kizhakku-pathippagam"" title=""kizhakku-pathippagam"">
    கிழக்கு பதிப்பகம் (Kizhakku Pathippagam)
  </a><br>
  <strong>Year:</strong> -<br>
  <strong>Category:</strong>
  <a href=""https://dodobooks.in/collections/novel"" title=""novel"">
   நாவல் (Novel)
  </a><br>
  <strong>Subject:</strong> இந்து மதம் (Hindu Matham)<br>
  <strong>No. of pages:</strong> -<br>
  <strong>Language:</strong> தமிழ் (Tamil)<br>
  <strong>Book format:</strong> Paper Back<br>
  <strong>ISBN:</strong> 9789384149321
</p>","dodobooks","TRUE","draft","https://samuvelraja.github.io/prodfilter/upscaled/venmegha_nagaram_jpg.webp","","1350","","","Kizhakku Pathippagam, Jayamohan, Novel, tamil-books"
"Pulveli Dhesam","pulveli-dhesam","<p>
  <strong>Book Title:</strong> புல்வெளி தேசம் (Pulveli Dhesam)<br>
  <strong>Author:</strong>
  <a href=""https://dodobooks.in/collections/jayamohan"" title=""jayamohan"">
   ஜெயமோகன் (Jayamohan)
  </a><br>
  <strong>Publisher:</strong>
  <a href=""https://dodobooks.in/collections/uyirmai-pathippagam"" title=""uyirmai-pathippagam"">
    உயிர்மை பதிப்பகம் (Uyirmai Pathippagam)
  </a><br>
  <strong>Year:</strong> -<br>
  <strong>Category:</strong>
  <a href=""https://dodobooks.in/collections/travelogue"" title=""travelogue"">
   பயணக்குறிப்பு (Travelogue)
  </a><br>
  <strong>Subject:</strong> பிற (Pira)<br>
  <strong>No. of pages:</strong> 208<br>
  <strong>Language:</strong> தமிழ் (Tamil)<br>
  <strong>Book format:</strong> Paper Back<br>
  <strong>ISBN:</strong> 9789380072364
</p>","dodobooks","TRUE","draft","https://samuvelraja.github.io/prodfilter/upscaled/pulveli-thesam_jpg.webp","","125","","","Uyirmai Pathippagam, Jayamohan, Travelogue, tamil-books"
"Vidhi Samaippavargal","vidhi-samaippavargal","<p>
  <strong>Book Title:</strong> விதி சமைப்பவர்கள் (Vidhi Samaippavargal)<br>
  <strong>Author:</strong>
  <a href=""https://dodobooks.in/collections/jayamohan"" title=""jayamohan"">
   ஜெயமோகன் (Jayamohan)
  </a><br>
  <strong>Publisher:</strong>
  <a href=""https://dodobooks.in/collections/kayal-kavin"" title=""kayal-kavin"">
    கயல் கவின் (Kayal Kavin)
  </a><br>
  <strong>Year:</strong> -<br>
  <strong>Category:</strong>
  <a href=""https://dodobooks.in/collections/katturai"" title=""katturai"">
   கட்டுரை (Katturai)
  </a><br>
  <strong>Subject:</strong> பிற (Pira)<br>
  <strong>No. of pages:</strong> 216<br>
  <strong>Language:</strong> தமிழ் (Tamil)<br>
  <strong>Book format:</strong> Paper Back<br>
  <strong>ISBN:</strong> -
</p>","dodobooks","TRUE","draft","https://samuvelraja.github.io/prodfilter/upscaled/vidhi-samaippavarkal_jpg.webp","","190","","","Kayal Kavin, Jayamohan, Katturai, tamil-books"
"Ezhuthiyavanai Kandupidithal","ezhuthiyavanai-kandupidithal","<p>
  <strong>Book Title:</strong> எழுதியவனைக் கண்டுபிடித்தல் (Ezhuthiyavanai Kandupidithal)<br>
  <strong>Author:</strong>
  <a href=""https://dodobooks.in/collections/jayamohan"" title=""jayamohan"">
   ஜெயமோகன் (Jayamohan)
  </a><br>
  <strong>Publisher:</strong>
  <a href=""https://dodobooks.in/collections/kayal-kavin"" title=""kayal-kavin"">
    கயல் கவின் (Kayal Kavin)
  </a><br>
  <strong>Year:</strong> -<br>
  <strong>Category:</strong>
  <a href=""https://dodobooks.in/collections/discussion"" title=""discussion"">
   கலந்துரையாடல் (Discussion)
  </a><br>
  <strong>Subject:</strong> இலக்கியம் (Ilakiyam)<br>
  <strong>No. of pages:</strong> 136<br>
  <strong>Language:</strong> தமிழ் (Tamil)<br>
  <strong>Book format:</strong> Paper Back<br>
  <strong>ISBN:</strong> -
</p>","dodobooks","TRUE","draft","https://samuvelraja.github.io/prodfilter/upscaled/ezhuthubavanai-kandupudithal_jpg.webp","","120","","","Kayal Kavin, Jayamohan, Discussion, tamil-books"
"Kanninilam","kanninilam","<p>
  <strong>Book Title:</strong> கன்னிநிலம் (Kanninilam)<br>
  <strong>Author:</strong>
  <a href=""https://dodobooks.in/collections/jayamohan"" title=""jayamohan"">
   ஜெயமோகன் (Jayamohan)
  </a><br>
  <strong>Publisher:</strong>
  <a href=""https://dodobooks.in/collections/kayal-kavin"" title=""kayal-kavin"">
    கயல் கவின் (Kayal Kavin)
  </a><br>
  <strong>Year:</strong> -<br>
  <strong>Category:</strong>
  <a href=""https://dodobooks.in/collections/novel"" title=""novel"">
   நாவல் (Novel)
  </a><br>
  <strong>Subject:</strong> பிற (Pira)<br>
  <strong>No. of pages:</strong> 168<br>
  <strong>Language:</strong> தமிழ் (Tamil)<br>
  <strong>Book format:</strong> Paper Back<br>
  <strong>ISBN:</strong> -
</p>","dodobooks","TRUE","draft","https://samuvelraja.github.io/prodfilter/upscaled/kanninilam_jayamohan_kayalkavin_jpg.webp","","140","","","Kayal Kavin, Jayamohan, Novel, tamil-books"
"Namadhu Kaigalil","namadhu-kaigalil","<p>
  <strong>Book Title:</strong> நமது கைகளில் (Namadhu Kaigalil)<br>
  <strong>Author:</strong>
  <a href=""https://dodobooks.in/collections/jayamohan"" title=""jayamohan"">
   ஜெயமோகன் (Jayamohan)
  </a><br>
  <strong>Publisher:</strong>
  <a href=""https://dodobooks.in/collections/kayal-kavin"" title=""kayal-kavin"">
    கயல் கவின் (Kayal Kavin)
  </a><br>
  <strong>Year:</strong> -<br>
  <strong>Category:</strong>
  <a href=""https://dodobooks.in/collections/discussion"" title=""discussion"">
   கலந்துரையாடல் (Discussion)
  </a><br>
  <strong>Subject:</strong> இலக்கியம் (Ilakiyam)<br>
  <strong>No. of pages:</strong> 168<br>
  <strong>Language:</strong> தமிழ் (Tamil)<br>
  <strong>Book format:</strong> Paper Back<br>
  <strong>ISBN:</strong> -
</p>","dodobooks","TRUE","draft","https://samuvelraja.github.io/prodfilter/upscaled/namathu-kaikalil_jpg.webp","","150","","","Kayal Kavin, Jayamohan, Discussion, tamil-books"
"Aagave Kolai Puriga","aagave-kolai-puriga","<p>
  <strong>Book Title:</strong> ஆகவே கொலை புரிக! (Aagave Kolai Puriga)<br>
  <strong>Author:</strong>
  <a href=""https://dodobooks.in/collections/jayamohan"" title=""jayamohan"">
   ஜெயமோகன் (Jayamohan)
  </a><br>
  <strong>Publisher:</strong>
  <a href=""https://dodobooks.in/collections/kayal-kavin"" title=""kayal-kavin"">
    கயல் கவின் (Kayal Kavin)
  </a><br>
  <strong>Year:</strong> -<br>
  <strong>Category:</strong>
  <a href=""https://dodobooks.in/collections/katturai"" title=""katturai"">
   கட்டுரை (Katturai)
  </a><br>
  <strong>Subject:</strong> பண்பாடு (Panpaadu)<br>
  <strong>No. of pages:</strong> 160<br>
  <strong>Language:</strong> தமிழ் (Tamil)<br>
  <strong>Book format:</strong> Paper Back<br>
  <strong>ISBN:</strong> -
</p>","dodobooks","TRUE","draft","https://samuvelraja.github.io/prodfilter/upscaled/aagavae-kolai-puriga_jpg.webp","","140","","","Kayal Kavin, Jayamohan, Katturai, tamil-books"
"Sanga Chithirangal Thamizhini Pathippagam","sanga-chithirangal-thamizhini-pathippagam","<p>
  <strong>Book Title:</strong> சங்கச் சித்திரங்கள் (Sanga Chithirangal Thamizhini Pathippagam)<br>
  <strong>Author:</strong>
  <a href=""https://dodobooks.in/collections/jayamohan"" title=""jayamohan"">
   ஜெயமோகன் (Jayamohan)
  </a><br>
  <strong>Publisher:</strong>
  <a href=""https://dodobooks.in/collections/thamizhini"" title=""thamizhini"">
    தமிழினி (Thamizhini)
  </a><br>
  <strong>Year:</strong> -<br>
  <strong>Category:</strong>
  <a href=""https://dodobooks.in/collections/katturai"" title=""katturai"">
   கட்டுரை (Katturai)
  </a><br>
  <strong>Subject:</strong> - (-)<br>
  <strong>No. of pages:</strong> -<br>
  <strong>Language:</strong> தமிழ் (Tamil)<br>
  <strong>Book format:</strong> Paper Back<br>
  <strong>ISBN:</strong> -
</p>","dodobooks","TRUE","draft","https://samuvelraja.github.io/prodfilter/upscaled/sanga-chithirangal_jpg.webp","","190","","","Thamizhini, Jayamohan, Katturai, tamil-books"
"Solmugam Natrinai Pathippagam","solmugam-natrinai-pathippagam","<p>
  <strong>Book Title:</strong> சொல்முகம் (Solmugam Natrinai Pathippagam)<br>
  <strong>Author:</strong>
  <a href=""https://dodobooks.in/collections/jayamohan"" title=""jayamohan"">
   ஜெயமோகன் (Jayamohan)
  </a><br>
  <strong>Publisher:</strong>
  <a href=""https://dodobooks.in/collections/natrinai-padhipagam"" title=""natrinai-padhipagam"">
    நற்றிணை பதிப்பகம் (Natrinai Padhipagam)
  </a><br>
  <strong>Year:</strong> -<br>
  <strong>Category:</strong>
  <a href=""https://dodobooks.in/collections/discourse"" title=""discourse"">
   உரை (Discourse)
  </a><br>
  <strong>Subject:</strong> பிற (Pira)<br>
  <strong>No. of pages:</strong> 224<br>
  <strong>Language:</strong> தமிழ் (Tamil)<br>
  <strong>Book format:</strong> Paper Back<br>
  <strong>ISBN:</strong> 9789382648239
</p>","dodobooks","TRUE","draft","https://samuvelraja.github.io/prodfilter/upscaled/solmugam_jayamohan_natrinai_jpg.webp","","250","","","Natrinai Padhipagam, Jayamohan, Discourse, tamil-books"
"Oomaichennaai","oomaichennaai","<p>
  <strong>Book Title:</strong> ஊமைச்செந்நாய் (Oomaichennaai)<br>
  <strong>Author:</strong>
  <a href=""https://dodobooks.in/collections/jayamohan"" title=""jayamohan"">
   ஜெயமோகன் (Jayamohan)
  </a><br>
  <strong>Publisher:</strong>
  <a href=""https://dodobooks.in/collections/natrinai-padhipagam"" title=""natrinai-padhipagam"">
    நற்றிணை பதிப்பகம் (Natrinai Padhipagam)
  </a><br>
  <strong>Year:</strong> -<br>
  <strong>Category:</strong>
  <a href=""https://dodobooks.in/collections/short-story"" title=""short-story"">
   சிறுகதை (Short Story)
  </a><br>
  <strong>Subject:</strong> பிற (Pira)<br>
  <strong>No. of pages:</strong> 208<br>
  <strong>Language:</strong> தமிழ் (Tamil)<br>
  <strong>Book format:</strong> Paper Back<br>
  <strong>ISBN:</strong> 9789382648437
</p>","dodobooks","TRUE","draft","https://samuvelraja.github.io/prodfilter/upscaled/oomaichennaai_kizhakku_pathippagam_jpg.webp","","160","","","Natrinai Padhipagam, Jayamohan, Short Story, tamil-books"
"Ezhuthum Kalai","ezhuthum-kalai","<p>
  <strong>Book Title:</strong> எழுதும் கலை (Ezhuthum Kalai)<br>
  <strong>Author:</strong>
  <a href=""https://dodobooks.in/collections/jayamohan"" title=""jayamohan"">
   ஜெயமோகன் (Jayamohan)
  </a><br>
  <strong>Publisher:</strong>
  <a href=""https://dodobooks.in/collections/thamizhini"" title=""thamizhini"">
    தமிழினி (Thamizhini)
  </a><br>
  <strong>Year:</strong> -<br>
  <strong>Category:</strong>
  <a href=""https://dodobooks.in/collections/katturai"" title=""katturai"">
   கட்டுரை (Katturai)
  </a><br>
  <strong>Subject:</strong> இலக்கியம் (Ilakiyam)<br>
  <strong>No. of pages:</strong> -<br>
  <strong>Language:</strong> தமிழ் (Tamil)<br>
  <strong>Book format:</strong> Paper Back<br>
  <strong>ISBN:</strong> -
</p>","dodobooks","TRUE","draft","https://samuvelraja.github.io/prodfilter/upscaled/ezhuthum-kalai_jpg.webp","","120","","","Thamizhini, Jayamohan, Katturai, tamil-books"
"Indraya Gandhi","indraya-gandhi","<p>
  <strong>Book Title:</strong> இன்றைய காந்தி (Indraya Gandhi)<br>
  <strong>Author:</strong>
  <a href=""https://dodobooks.in/collections/jayamohan"" title=""jayamohan"">
   ஜெயமோகன் (Jayamohan)
  </a><br>
  <strong>Publisher:</strong>
  <a href=""https://dodobooks.in/collections/thamizhini"" title=""thamizhini"">
    தமிழினி (Thamizhini)
  </a><br>
  <strong>Year:</strong> -<br>
  <strong>Category:</strong>
  <a href=""https://dodobooks.in/collections/katturai"" title=""katturai"">
   கட்டுரை (Katturai)
  </a><br>
  <strong>Subject:</strong> காந்தி (Gandhi)<br>
  <strong>No. of pages:</strong> -<br>
  <strong>Language:</strong> தமிழ் (Tamil)<br>
  <strong>Book format:</strong> Hardcover<br>
  <strong>ISBN:</strong> -
</p>","dodobooks","TRUE","draft","https://samuvelraja.github.io/prodfilter/upscaled/indraya-kaanthikal_jpg.webp","","530","","","Thamizhini, Jayamohan, Katturai, tamil-books"
"Samudhaya Veedhi Mei Nizhal","samudhaya-veedhi-mei-nizhal","<p>
  <strong>Book Title:</strong> சமுதாய வீதி (Samudhaya Veedhi Mei Nizhal)<br>
  <strong>Author:</strong>
  <a href=""https://dodobooks.in/collections/na-parthasarathy"" title=""na-parthasarathy"">
   நா. பார்த்தசாரதி (Na Parthasarathy)
  </a><br>
  <strong>Publisher:</strong>
  <a href=""https://dodobooks.in/collections/mei-nizhal"" title=""mei-nizhal"">
    மெய் நிழல் (Mei Nizhal)
  </a><br>
  <strong>Year:</strong> 2024<br>
  <strong>Category:</strong>
  <a href=""https://dodobooks.in/collections/novel"" title=""novel"">
   நாவல் (Novel)
  </a><br>
  <strong>Subject:</strong> - (-)<br>
  <strong>No. of pages:</strong> 216<br>
  <strong>Language:</strong> தமிழ் (Tamil)<br>
  <strong>Book format:</strong> Paper Back<br>
  <strong>ISBN:</strong> -
</p>","dodobooks","TRUE","draft","https://samuvelraja.github.io/prodfilter/upscaled/samuthaya-veethi_jpg.webp","","220","","","Mei Nizhal, Na Parthasarathy, Novel, tamil-books"
"Kurinji Malar Kodimullai","kurinji-malar-kodimullai","<p>
  <strong>Book Title:</strong> குறிஞ்சி மலர் (Kurinji Malar Kodimullai)<br>
  <strong>Author:</strong>
  <a href=""https://dodobooks.in/collections/na-parthasarathy"" title=""na-parthasarathy"">
   நா. பார்த்தசாரதி (Na Parthasarathy)
  </a><br>
  <strong>Publisher:</strong>
  <a href=""https://dodobooks.in/collections/kodimullai"" title=""kodimullai"">
    கொடிமுல்லை (Kodimullai)
  </a><br>
  <strong>Year:</strong> 2022<br>
  <strong>Category:</strong>
  <a href=""https://dodobooks.in/collections/novel"" title=""novel"">
   நாவல் (Novel)
  </a><br>
  <strong>Subject:</strong> க்ளாசிக்ஸ் (Classics)<br>
  <strong>No. of pages:</strong> 448<br>
  <strong>Language:</strong> தமிழ் (Tamil)<br>
  <strong>Book format:</strong> Paper Back<br>
  <strong>ISBN:</strong> -
</p>","dodobooks","TRUE","draft","https://samuvelraja.github.io/prodfilter/upscaled/kurinji-malar_na-pa_kavitha_jpg.webp","","400","","","Kodimullai, Na Parthasarathy, Novel, tamil-books"
"Kurinjimalar","kurinjimalar","<p>
  <strong>Book Title:</strong> குறிஞ்சிமலர் (Kurinjimalar)<br>
  <strong>Author:</strong>
  <a href=""https://dodobooks.in/collections/na-parthasarathy"" title=""na-parthasarathy"">
   நா. பார்த்தசாரதி (Na Parthasarathy)
  </a><br>
  <strong>Publisher:</strong>
  <a href=""https://dodobooks.in/collections/niveditha-pathippagam"" title=""niveditha-pathippagam"">
    நிவேதிதா பதிப்பகம் (Niveditha Pathippagam)
  </a><br>
  <strong>Year:</strong> 2022<br>
  <strong>Category:</strong>
  <a href=""https://dodobooks.in/collections/novel"" title=""novel"">
   நாவல் (Novel)
  </a><br>
  <strong>Subject:</strong> - (-)<br>
  <strong>No. of pages:</strong> 480<br>
  <strong>Language:</strong> தமிழ் (Tamil)<br>
  <strong>Book format:</strong> Paper Back<br>
  <strong>ISBN:</strong> -
</p>","dodobooks","TRUE","draft","https://samuvelraja.github.io/prodfilter/upscaled/kurinjimalar_jpg.webp","","350","","","Niveditha Pathippagam, Na Parthasarathy, Novel, tamil-books"
"Mahaathmaavai Thedi","mahaathmaavai-thedi","<p>
  <strong>Book Title:</strong> மகாத்மாவைத் தேடி (Mahaathmaavai Thedi)<br>
  <strong>Author:</strong>
  <a href=""https://dodobooks.in/collections/na-parthasarathy"" title=""na-parthasarathy"">
   நா. பார்த்தசாரதி (Na Parthasarathy)
  </a><br>
  <strong>Publisher:</strong>
  <a href=""https://dodobooks.in/collections/goura-padhipagam"" title=""goura-padhipagam"">
    கௌரா பதிப்பகக் குழுமம் (Goura Padhipagam)
  </a><br>
  <strong>Year:</strong> 2022<br>
  <strong>Category:</strong>
  <a href=""https://dodobooks.in/collections/pira"" title=""pira"">
   - (-)
  </a><br>
  <strong>Subject:</strong> - (-)<br>
  <strong>No. of pages:</strong> -<br>
  <strong>Language:</strong> தமிழ் (Tamil)<br>
  <strong>Book format:</strong> Paper Back<br>
  <strong>ISBN:</strong> -
</p>","dodobooks","TRUE","draft","https://samuvelraja.github.io/prodfilter/upscaled/magaathmaavaith_thaedi_png.webp","","450","","","Goura Padhipagam, Na Parthasarathy, tamil-books"
"Puranaanooru Sirukathaigal","puranaanooru-sirukathaigal","<p>
  <strong>Book Title:</strong> புறநானூற்று சிறுகதைகள் (Puranaanooru Sirukathaigal)<br>
  <strong>Author:</strong>
  <a href=""https://dodobooks.in/collections/na-parthasarathy"" title=""na-parthasarathy"">
   நா. பார்த்தசாரதி (Na Parthasarathy)
  </a><br>
  <strong>Publisher:</strong>
  <a href=""https://dodobooks.in/collections/goura-padhipagam"" title=""goura-padhipagam"">
    கௌரா பதிப்பகக் குழுமம் (Goura Padhipagam)
  </a><br>
  <strong>Year:</strong> 2019<br>
  <strong>Category:</strong>
  <a href=""https://dodobooks.in/collections/short-story"" title=""short-story"">
   சிறுகதை (Short Story)
  </a><br>
  <strong>Subject:</strong> பிற (Pira)<br>
  <strong>No. of pages:</strong> 183<br>
  <strong>Language:</strong> தமிழ் (Tamil)<br>
  <strong>Book format:</strong> Paper Back<br>
  <strong>ISBN:</strong> -
</p>","dodobooks","TRUE","draft","https://samuvelraja.github.io/prodfilter/upscaled/puranaanooru-sirukathaikal_jpg.webp","","180","","","Goura Padhipagam, Na Parthasarathy, Short Story, tamil-books"
"Samudhaya Veedhi Thirumagal Nilaiyam","samudhaya-veedhi-thirumagal-nilaiyam","<p>
  <strong>Book Title:</strong> சமுதாய வீதி (Samudhaya Veedhi Thirumagal Nilaiyam)<br>
  <strong>Author:</strong>
  <a href=""https://dodobooks.in/collections/na-parthasarathy"" title=""na-parthasarathy"">
   நா. பார்த்தசாரதி (Na Parthasarathy)
  </a><br>
  <strong>Publisher:</strong>
  <a href=""https://dodobooks.in/collections/thirumagal-nilayam"" title=""thirumagal-nilayam"">
    திருமகள் நிலையம் (Thirumagal Nilayam)
  </a><br>
  <strong>Year:</strong> 2019<br>
  <strong>Category:</strong>
  <a href=""https://dodobooks.in/collections/novel"" title=""novel"">
   நாவல் (Novel)
  </a><br>
  <strong>Subject:</strong> - (-)<br>
  <strong>No. of pages:</strong> 224<br>
  <strong>Language:</strong> தமிழ் (Tamil)<br>
  <strong>Book format:</strong> Paper Back<br>
  <strong>ISBN:</strong> -
</p>","dodobooks","TRUE","draft","https://samuvelraja.github.io/prodfilter/upscaled/samuthaya-veethi_jpg.webp","","105","","","Thirumagal Nilayam, Na Parthasarathy, Novel, tamil-books"
"Neela Nayanangal","neela-nayanangal","<p>
  <strong>Book Title:</strong> நீல நயனங்கள் (Neela Nayanangal)<br>
  <strong>Author:</strong>
  <a href=""https://dodobooks.in/collections/na-parthasarathy"" title=""na-parthasarathy"">
   நா. பார்த்தசாரதி (Na Parthasarathy)
  </a><br>
  <strong>Publisher:</strong>
  <a href=""https://dodobooks.in/collections/goura-padhipagam"" title=""goura-padhipagam"">
    கௌரா பதிப்பகக் குழுமம் (Goura Padhipagam)
  </a><br>
  <strong>Year:</strong> 2018<br>
  <strong>Category:</strong>
  <a href=""https://dodobooks.in/collections/novel"" title=""novel"">
   நாவல் (Novel)
  </a><br>
  <strong>Subject:</strong> பிற (Pira)<br>
  <strong>No. of pages:</strong> 592<br>
  <strong>Language:</strong> தமிழ் (Tamil)<br>
  <strong>Book format:</strong> Paper Back<br>
  <strong>ISBN:</strong> -
</p>","dodobooks","TRUE","draft","https://samuvelraja.github.io/prodfilter/upscaled/neela-nayanangal_jpg.webp","","580","","","Goura Padhipagam, Na Parthasarathy, Novel, tamil-books"
"Sundhara Kanavugal","sundhara-kanavugal","<p>
  <strong>Book Title:</strong> சுந்தரக் கனவுகள் (Sundhara Kanavugal)<br>
  <strong>Author:</strong>
  <a href=""https://dodobooks.in/collections/na-parthasarathy"" title=""na-parthasarathy"">
   நா. பார்த்தசாரதி (Na Parthasarathy)
  </a><br>
  <strong>Publisher:</strong>
  <a href=""https://dodobooks.in/collections/goura-padhipagam"" title=""goura-padhipagam"">
    கௌரா பதிப்பகக் குழுமம் (Goura Padhipagam)
  </a><br>
  <strong>Year:</strong> 2017<br>
  <strong>Category:</strong>
  <a href=""https://dodobooks.in/collections/novel"" title=""novel"">
   நாவல் (Novel)
  </a><br>
  <strong>Subject:</strong> பிற (Pira)<br>
  <strong>No. of pages:</strong> 208<br>
  <strong>Language:</strong> தமிழ் (Tamil)<br>
  <strong>Book format:</strong> Paper Back<br>
  <strong>ISBN:</strong> -
</p>","dodobooks","TRUE","draft","https://samuvelraja.github.io/prodfilter/upscaled/sundara-kanavugal_jpg.webp","","160","","","Goura Padhipagam, Na Parthasarathy, Novel, tamil-books"
"Mahaabaaratham Arathin Kural","mahaabaaratham-arathin-kural","<p>
  <strong>Book Title:</strong> மகாபாரதம்: அறத்தின் குரல் (Mahaabaaratham Arathin Kural)<br>
  <strong>Author:</strong>
  <a href=""https://dodobooks.in/collections/na-parthasarathy"" title=""na-parthasarathy"">
   நா. பார்த்தசாரதி (Na Parthasarathy)
  </a><br>
  <strong>Publisher:</strong>
  <a href=""https://dodobooks.in/collections/santhiya-pathipagam"" title=""santhiya-pathipagam"">
    சந்தியா பதிப்பகம் (Santhiya Pathipagam)
  </a><br>
  <strong>Year:</strong> 2017<br>
  <strong>Category:</strong>
  <a href=""https://dodobooks.in/collections/novel"" title=""novel"">
   நாவல் (Novel), மொழிபெயர்ப்பு (Translation)
  </a><br>
  <strong>Subject:</strong> இந்து மதம் (Hindu Matham)<br>
  <strong>No. of pages:</strong> 456<br>
  <strong>Language:</strong> தமிழ் (Tamil)<br>
  <strong>Book format:</strong> Paper Back<br>
  <strong>ISBN:</strong> -
</p>","dodobooks","TRUE","draft","https://samuvelraja.github.io/prodfilter/upscaled/mahaabaaratham-araththin-kural_jpg.webp","","400","","","Santhiya Pathipagam, Na Parthasarathy, Novel, Translation, tamil-books"
"Paandimaadevi Makkal Pathippu","paandimaadevi-makkal-pathippu","<p>
  <strong>Book Title:</strong> பாண்டிமாதேவி (Paandimaadevi Makkal Pathippu)<br>
  <strong>Author:</strong>
  <a href=""https://dodobooks.in/collections/na-parthasarathy"" title=""na-parthasarathy"">
   நா. பார்த்தசாரதி (Na Parthasarathy)
  </a><br>
  <strong>Publisher:</strong>
  <a href=""https://dodobooks.in/collections/sri-senbaga-pathippagam"" title=""sri-senbaga-pathippagam"">
    ஸ்ரீ செண்பகா பதிப்பகம் (Sri Senbaga Pathippagam)
  </a><br>
  <strong>Year:</strong> -<br>
  <strong>Category:</strong>
  <a href=""https://dodobooks.in/collections/novel"" title=""novel"">
   நாவல் (Novel)
  </a><br>
  <strong>Subject:</strong> - (-)<br>
  <strong>No. of pages:</strong> -<br>
  <strong>Language:</strong> தமிழ் (Tamil)<br>
  <strong>Book format:</strong> Paper Back<br>
  <strong>ISBN:</strong> -
</p>","dodobooks","TRUE","draft","https://samuvelraja.github.io/prodfilter/upscaled/paandimaadevi_niveditha_pathippagam_jpg.webp","","300","","","Sri Senbaga Pathippagam, Na Parthasarathy, Novel, tamil-books"
"Nenjakkanal Sri Senbaga Pathippagam","nenjakkanal-sri-senbaga-pathippagam","<p>
  <strong>Book Title:</strong> நெஞ்சக்கனல் (Nenjakkanal Sri Senbaga Pathippagam)<br>
  <strong>Author:</strong>
  <a href=""https://dodobooks.in/collections/na-parthasarathy"" title=""na-parthasarathy"">
   நா. பார்த்தசாரதி (Na Parthasarathy)
  </a><br>
  <strong>Publisher:</strong>
  <a href=""https://dodobooks.in/collections/sri-senbaga-pathippagam"" title=""sri-senbaga-pathippagam"">
    ஸ்ரீ செண்பகா பதிப்பகம் (Sri Senbaga Pathippagam)
  </a><br>
  <strong>Year:</strong> 2014<br>
  <strong>Category:</strong>
  <a href=""https://dodobooks.in/collections/novel"" title=""novel"">
   நாவல் (Novel)
  </a><br>
  <strong>Subject:</strong> - (-)<br>
  <strong>No. of pages:</strong> 176<br>
  <strong>Language:</strong> தமிழ் (Tamil)<br>
  <strong>Book format:</strong> Paper Back<br>
  <strong>ISBN:</strong> -
</p>","dodobooks","TRUE","draft","https://samuvelraja.github.io/prodfilter/upscaled/nenjakkanal_sri_senbaga_pathippagam_jpg.webp","","100","","","Sri Senbaga Pathippagam, Na Parthasarathy, Novel, tamil-books"
"Pirantha Mann Sri Senbaga Pathippagam","pirantha-mann-sri-senbaga-pathippagam","<p>
  <strong>Book Title:</strong> பிறந்த மண் (Pirantha Mann Sri Senbaga Pathippagam)<br>
  <strong>Author:</strong>
  <a href=""https://dodobooks.in/collections/na-parthasarathy"" title=""na-parthasarathy"">
   நா. பார்த்தசாரதி (Na Parthasarathy)
  </a><br>
  <strong>Publisher:</strong>
  <a href=""https://dodobooks.in/collections/sri-senbaga-pathippagam"" title=""sri-senbaga-pathippagam"">
    ஸ்ரீ செண்பகா பதிப்பகம் (Sri Senbaga Pathippagam)
  </a><br>
  <strong>Year:</strong> 2014<br>
  <strong>Category:</strong>
  <a href=""https://dodobooks.in/collections/novel"" title=""novel"">
   நாவல் (Novel)
  </a><br>
  <strong>Subject:</strong> - (-)<br>
  <strong>No. of pages:</strong> 256<br>
  <strong>Language:</strong> தமிழ் (Tamil)<br>
  <strong>Book format:</strong> Paper Back<br>
  <strong>ISBN:</strong> -
</p>","dodobooks","TRUE","draft","https://samuvelraja.github.io/prodfilter/upscaled/pirantha-mann_sri_senbaga_pathippagam_jpg.webp","","150","","","Sri Senbaga Pathippagam, Na Parthasarathy, Novel, tamil-books"
"Pooppola Oru Pen","pooppola-oru-pen","<p>
  <strong>Book Title:</strong> பூப்போல ஒரு பெண் (Pooppola Oru Pen)<br>
  <strong>Author:</strong>
  <a href=""https://dodobooks.in/collections/na-parthasarathy"" title=""na-parthasarathy"">
   நா. பார்த்தசாரதி (Na Parthasarathy)
  </a><br>
  <strong>Publisher:</strong>
  <a href=""https://dodobooks.in/collections/sri-senbaga-pathippagam"" title=""sri-senbaga-pathippagam"">
    ஸ்ரீ செண்பகா பதிப்பகம் (Sri Senbaga Pathippagam)
  </a><br>
  <strong>Year:</strong> 2014<br>
  <strong>Category:</strong>
  <a href=""https://dodobooks.in/collections/novel"" title=""novel"">
   நாவல் (Novel)
  </a><br>
  <strong>Subject:</strong> - (-)<br>
  <strong>No. of pages:</strong> 112<br>
  <strong>Language:</strong> தமிழ் (Tamil)<br>
  <strong>Book format:</strong> Paper Back<br>
  <strong>ISBN:</strong> -
</p>","dodobooks","TRUE","draft","https://samuvelraja.github.io/prodfilter/upscaled/pooppoala-oru-pen_jpg.webp","","70","","","Sri Senbaga Pathippagam, Na Parthasarathy, Novel, tamil-books"
"Unarchigalin Oorvalam","unarchigalin-oorvalam","<p>
  <strong>Book Title:</strong> உணர்ச்சிகளின் ஊர்வலம் (Unarchigalin Oorvalam)<br>
  <strong>Author:</strong>
  <a href=""https://dodobooks.in/collections/na-parthasarathy"" title=""na-parthasarathy"">
   நா. பார்த்தசாரதி (Na Parthasarathy)
  </a><br>
  <strong>Publisher:</strong>
  <a href=""https://dodobooks.in/collections/sri-senbaga-pathippagam"" title=""sri-senbaga-pathippagam"">
    ஸ்ரீ செண்பகா பதிப்பகம் (Sri Senbaga Pathippagam)
  </a><br>
  <strong>Year:</strong> 2014<br>
  <strong>Category:</strong>
  <a href=""https://dodobooks.in/collections/novel"" title=""novel"">
   நாவல் (Novel)
  </a><br>
  <strong>Subject:</strong> - (-)<br>
  <strong>No. of pages:</strong> 104<br>
  <strong>Language:</strong> தமிழ் (Tamil)<br>
  <strong>Book format:</strong> Paper Back<br>
  <strong>ISBN:</strong> -
</p>","dodobooks","TRUE","draft","https://samuvelraja.github.io/prodfilter/upscaled/unarchikalin-oorvalam_jpg.webp","","65","","","Sri Senbaga Pathippagam, Na Parthasarathy, Novel, tamil-books"
"Na Paa Vin Sila Sirukathaigalum Sila Kurunavalkalum","na-paa-vin-sila-sirukathaigalum-sila-kurunavalkalum","<p>
  <strong>Book Title:</strong> நா.பா. வின் சில சிறுகதைகளும் சில குறுநாவல்களும் (Na Paa Vin Sila Sirukathaigalum Sila Kurunavalkalum)<br>
  <strong>Author:</strong>
  <a href=""https://dodobooks.in/collections/na-parthasarathy"" title=""na-parthasarathy"">
   நா. பார்த்தசாரதி (Na Parthasarathy)
  </a><br>
  <strong>Publisher:</strong>
  <a href=""https://dodobooks.in/collections/sri-senbaga-pathippagam"" title=""sri-senbaga-pathippagam"">
    ஸ்ரீ செண்பகா பதிப்பகம் (Sri Senbaga Pathippagam)
  </a><br>
  <strong>Year:</strong> 2014<br>
  <strong>Category:</strong>
  <a href=""https://dodobooks.in/collections/novel"" title=""novel"">
   நாவல் (Novel), சிறுகதை (Short Story)
  </a><br>
  <strong>Subject:</strong> - (-)<br>
  <strong>No. of pages:</strong> 320<br>
  <strong>Language:</strong> தமிழ் (Tamil)<br>
  <strong>Book format:</strong> Paper Back<br>
  <strong>ISBN:</strong> -
</p>","dodobooks","TRUE","draft","https://samuvelraja.github.io/prodfilter/upscaled/na-pa-vin-sirukathaigal_jpg.webp","","200","","","Sri Senbaga Pathippagam, Na Parthasarathy, Novel, Short Story, tamil-books"
"Paandimaadevi Thirumagal Nilaiyam","paandimaadevi-thirumagal-nilaiyam","<p>
  <strong>Book Title:</strong> பாண்டிமாதேவி (Paandimaadevi Thirumagal Nilaiyam)<br>
  <strong>Author:</strong>
  <a href=""https://dodobooks.in/collections/na-parthasarathy"" title=""na-parthasarathy"">
   நா. பார்த்தசாரதி (Na Parthasarathy)
  </a><br>
  <strong>Publisher:</strong>
  <a href=""https://dodobooks.in/collections/thirumagal-nilayam"" title=""thirumagal-nilayam"">
    திருமகள் நிலையம் (Thirumagal Nilayam)
  </a><br>
  <strong>Year:</strong> 2012<br>
  <strong>Category:</strong>
  <a href=""https://dodobooks.in/collections/novel"" title=""novel"">
   நாவல் (Novel)
  </a><br>
  <strong>Subject:</strong> - (-)<br>
  <strong>No. of pages:</strong> 800<br>
  <strong>Language:</strong> தமிழ் (Tamil)<br>
  <strong>Book format:</strong> Paper Back<br>
  <strong>ISBN:</strong> -
</p>","dodobooks","TRUE","draft","https://samuvelraja.github.io/prodfilter/upscaled/paandimaadevi_niveditha_pathippagam_jpg.webp","","300","","","Thirumagal Nilayam, Na Parthasarathy, Novel, tamil-books"
"Niththilavalli Thirumagal Nilaiyam","niththilavalli-thirumagal-nilaiyam","<p>
  <strong>Book Title:</strong> நித்திலவல்லி (Niththilavalli Thirumagal Nilaiyam)<br>
  <strong>Author:</strong>
  <a href=""https://dodobooks.in/collections/na-parthasarathy"" title=""na-parthasarathy"">
   நா. பார்த்தசாரதி (Na Parthasarathy)
  </a><br>
  <strong>Publisher:</strong>
  <a href=""https://dodobooks.in/collections/thirumagal-nilayam"" title=""thirumagal-nilayam"">
    திருமகள் நிலையம் (Thirumagal Nilayam)
  </a><br>
  <strong>Year:</strong> 2012<br>
  <strong>Category:</strong>
  <a href=""https://dodobooks.in/collections/novel"" title=""novel"">
   நாவல் (Novel)
  </a><br>
  <strong>Subject:</strong> - (-)<br>
  <strong>No. of pages:</strong> 376<br>
  <strong>Language:</strong> தமிழ் (Tamil)<br>
  <strong>Book format:</strong> Paper Back<br>
  <strong>ISBN:</strong> -
</p>","dodobooks","TRUE","draft","https://samuvelraja.github.io/prodfilter/upscaled/niththilavalli_thirumagal_nilayam_jpg.webp","","140","","","Thirumagal Nilayam, Na Parthasarathy, Novel, tamil-books"
"Mani Pallavam Sri Indu Pablikeeshans","mani-pallavam-sri-indu-pablikeeshans","<p>
  <strong>Book Title:</strong> மணி பல்லவம் (Mani Pallavam Sri Indu Pablikeeshans)<br>
  <strong>Author:</strong>
  <a href=""https://dodobooks.in/collections/na-parthasarathy"" title=""na-parthasarathy"">
   நா. பார்த்தசாரதி (Na Parthasarathy)
  </a><br>
  <strong>Publisher:</strong>
  <a href=""https://dodobooks.in/collections/sri-indu-publications"" title=""sri-indu-publications"">
    ஸ்ரீ இந்து பப்ளிகேஷன்ஸ் (Sri Indu Publications)
  </a><br>
  <strong>Year:</strong> 2012<br>
  <strong>Category:</strong>
  <a href=""https://dodobooks.in/collections/novel"" title=""novel"">
   நாவல் (Novel)
  </a><br>
  <strong>Subject:</strong> - (-)<br>
  <strong>No. of pages:</strong> 360<br>
  <strong>Language:</strong> தமிழ் (Tamil)<br>
  <strong>Book format:</strong> Paper Back<br>
  <strong>ISBN:</strong> -
</p>","dodobooks","TRUE","draft","https://samuvelraja.github.io/prodfilter/upscaled/mani-pallavam_jpg.webp","","180","","","Sri Indu Publications, Na Parthasarathy, Novel, tamil-books"
"Paandimaadevi Sri Indu Pablikeeshans","paandimaadevi-sri-indu-pablikeeshans","<p>
  <strong>Book Title:</strong> பாண்டிமாதேவி (Paandimaadevi Sri Indu Pablikeeshans)<br>
  <strong>Author:</strong>
  <a href=""https://dodobooks.in/collections/na-parthasarathy"" title=""na-parthasarathy"">
   நா. பார்த்தசாரதி (Na Parthasarathy)
  </a><br>
  <strong>Publisher:</strong>
  <a href=""https://dodobooks.in/collections/sri-indu-publications"" title=""sri-indu-publications"">
    ஸ்ரீ இந்து பப்ளிகேஷன்ஸ் (Sri Indu Publications)
  </a><br>
  <strong>Year:</strong> 2012<br>
  <strong>Category:</strong>
  <a href=""https://dodobooks.in/collections/novel"" title=""novel"">
   நாவல் (Novel)
  </a><br>
  <strong>Subject:</strong> - (-)<br>
  <strong>No. of pages:</strong> 360<br>
  <strong>Language:</strong> தமிழ் (Tamil)<br>
  <strong>Book format:</strong> Paper Back<br>
  <strong>ISBN:</strong> -
</p>","dodobooks","TRUE","draft","https://samuvelraja.github.io/prodfilter/upscaled/paandimaadevi_niveditha_pathippagam_jpg.webp","","180","","","Sri Indu Publications, Na Parthasarathy, Novel, tamil-books"
"Ponvilangu Sri Indu Pablikeeshans","ponvilangu-sri-indu-pablikeeshans","<p>
  <strong>Book Title:</strong> பொன்விலங்கு (Ponvilangu Sri Indu Pablikeeshans)<br>
  <strong>Author:</strong>
  <a href=""https://dodobooks.in/collections/na-parthasarathy"" title=""na-parthasarathy"">
   நா. பார்த்தசாரதி (Na Parthasarathy)
  </a><br>
  <strong>Publisher:</strong>
  <a href=""https://dodobooks.in/collections/sri-indu-publications"" title=""sri-indu-publications"">
    ஸ்ரீ இந்து பப்ளிகேஷன்ஸ் (Sri Indu Publications)
  </a><br>
  <strong>Year:</strong> 2012<br>
  <strong>Category:</strong>
  <a href=""https://dodobooks.in/collections/novel"" title=""novel"">
   நாவல் (Novel)
  </a><br>
  <strong>Subject:</strong> - (-)<br>
  <strong>No. of pages:</strong> 544<br>
  <strong>Language:</strong> தமிழ் (Tamil)<br>
  <strong>Book format:</strong> Paper Back<br>
  <strong>ISBN:</strong> -
</p>","dodobooks","TRUE","draft","https://samuvelraja.github.io/prodfilter/upscaled/ponvilangu_sri_indu_pablikeeshans_jpg.webp","","160","","","Sri Indu Publications, Na Parthasarathy, Novel, tamil-books"
"Kurinji Malar Sri Indu Pablikeeshans","kurinji-malar-sri-indu-pablikeeshans","<p>
  <strong>Book Title:</strong> குறிஞ்சி மலர் (Kurinji Malar Sri Indu Pablikeeshans)<br>
  <strong>Author:</strong>
  <a href=""https://dodobooks.in/collections/na-parthasarathy"" title=""na-parthasarathy"">
   நா. பார்த்தசாரதி (Na Parthasarathy)
  </a><br>
  <strong>Publisher:</strong>
  <a href=""https://dodobooks.in/collections/sri-indu-publications"" title=""sri-indu-publications"">
    ஸ்ரீ இந்து பப்ளிகேஷன்ஸ் (Sri Indu Publications)
  </a><br>
  <strong>Year:</strong> 2012<br>
  <strong>Category:</strong>
  <a href=""https://dodobooks.in/collections/pira"" title=""pira"">
   - (-)
  </a><br>
  <strong>Subject:</strong> - (-)<br>
  <strong>No. of pages:</strong> 360<br>
  <strong>Language:</strong> தமிழ் (Tamil)<br>
  <strong>Book format:</strong> Paper Back<br>
  <strong>ISBN:</strong> -
</p>","dodobooks","TRUE","draft","https://samuvelraja.github.io/prodfilter/upscaled/kurinji-malar_na-pa_kavitha_jpg.webp","","110","","","Sri Indu Publications, Na Parthasarathy, tamil-books"
"Sundhara Kanavugal Sri Senbaga Pathippagam","sundhara-kanavugal-sri-senbaga-pathippagam","<p>
  <strong>Book Title:</strong> சுந்தரக் கனவுகள் (Sundhara Kanavugal Sri Senbaga Pathippagam)<br>
  <strong>Author:</strong>
  <a href=""https://dodobooks.in/collections/na-parthasarathy"" title=""na-parthasarathy"">
   நா. பார்த்தசாரதி (Na Parthasarathy)
  </a><br>
  <strong>Publisher:</strong>
  <a href=""https://dodobooks.in/collections/sri-senbaga-pathippagam"" title=""sri-senbaga-pathippagam"">
    ஸ்ரீ செண்பகா பதிப்பகம் (Sri Senbaga Pathippagam)
  </a><br>
  <strong>Year:</strong> 2011<br>
  <strong>Category:</strong>
  <a href=""https://dodobooks.in/collections/pira"" title=""pira"">
   - (-)
  </a><br>
  <strong>Subject:</strong> பிற (Pira)<br>
  <strong>No. of pages:</strong> 192<br>
  <strong>Language:</strong> தமிழ் (Tamil)<br>
  <strong>Book format:</strong> Paper Back<br>
  <strong>ISBN:</strong> -
</p>","dodobooks","TRUE","draft","https://samuvelraja.github.io/prodfilter/upscaled/sundara-kanavugal_jpg.webp","","90","","","Sri Senbaga Pathippagam, Na Parthasarathy, tamil-books"
"Pattu Poochi","pattu-poochi","<p>
  <strong>Book Title:</strong> பட்டுப் பூச்சி (Pattu Poochi)<br>
  <strong>Author:</strong>
  <a href=""https://dodobooks.in/collections/na-parthasarathy"" title=""na-parthasarathy"">
   நா. பார்த்தசாரதி (Na Parthasarathy)
  </a><br>
  <strong>Publisher:</strong>
  <a href=""https://dodobooks.in/collections/sri-senbaga-pathippagam"" title=""sri-senbaga-pathippagam"">
    ஸ்ரீ செண்பகா பதிப்பகம் (Sri Senbaga Pathippagam)
  </a><br>
  <strong>Year:</strong> 2011<br>
  <strong>Category:</strong>
  <a href=""https://dodobooks.in/collections/pira"" title=""pira"">
   - (-)
  </a><br>
  <strong>Subject:</strong> - (-)<br>
  <strong>No. of pages:</strong> 128<br>
  <strong>Language:</strong> தமிழ் (Tamil)<br>
  <strong>Book format:</strong> Paper Back<br>
  <strong>ISBN:</strong> -
</p>","dodobooks","TRUE","draft","https://samuvelraja.github.io/prodfilter/upscaled/pattup-poochi_jpg.webp","","80","","","Sri Senbaga Pathippagam, Na Parthasarathy, tamil-books"
"Samudhaya Veedhi Sri Senbaga Pathippagam","samudhaya-veedhi-sri-senbaga-pathippagam","<p>
  <strong>Book Title:</strong> சமுதாய வீதி (Samudhaya Veedhi Sri Senbaga Pathippagam)<br>
  <strong>Author:</strong>
  <a href=""https://dodobooks.in/collections/na-parthasarathy"" title=""na-parthasarathy"">
   நா. பார்த்தசாரதி (Na Parthasarathy)
  </a><br>
  <strong>Publisher:</strong>
  <a href=""https://dodobooks.in/collections/sri-senbaga-pathippagam"" title=""sri-senbaga-pathippagam"">
    ஸ்ரீ செண்பகா பதிப்பகம் (Sri Senbaga Pathippagam)
  </a><br>
  <strong>Year:</strong> 2011<br>
  <strong>Category:</strong>
  <a href=""https://dodobooks.in/collections/pira"" title=""pira"">
   - (-)
  </a><br>
  <strong>Subject:</strong> பிற (Pira)<br>
  <strong>No. of pages:</strong> 216<br>
  <strong>Language:</strong> தமிழ் (Tamil)<br>
  <strong>Book format:</strong> Paper Back<br>
  <strong>ISBN:</strong> -
</p>","dodobooks","TRUE","draft","https://samuvelraja.github.io/prodfilter/upscaled/samuthaya-veethi_jpg.webp","","105","","","Sri Senbaga Pathippagam, Na Parthasarathy, tamil-books"
"Saayangaala Megangal Makkal Pathippu","saayangaala-megangal-makkal-pathippu","<p>
  <strong>Book Title:</strong> சாயங்கால மேகங்கள் (Saayangaala Megangal Makkal Pathippu)<br>
  <strong>Author:</strong>
  <a href=""https://dodobooks.in/collections/na-parthasarathy"" title=""na-parthasarathy"">
   நா. பார்த்தசாரதி (Na Parthasarathy)
  </a><br>
  <strong>Publisher:</strong>
  <a href=""https://dodobooks.in/collections/sri-senbaga-pathippagam"" title=""sri-senbaga-pathippagam"">
    ஸ்ரீ செண்பகா பதிப்பகம் (Sri Senbaga Pathippagam)
  </a><br>
  <strong>Year:</strong> 2010<br>
  <strong>Category:</strong>
  <a href=""https://dodobooks.in/collections/pira"" title=""pira"">
   - (-)
  </a><br>
  <strong>Subject:</strong> - (-)<br>
  <strong>No. of pages:</strong> 200<br>
  <strong>Language:</strong> தமிழ் (Tamil)<br>
  <strong>Book format:</strong> Paper Back<br>
  <strong>ISBN:</strong> -
</p>","dodobooks","TRUE","draft","https://samuvelraja.github.io/prodfilter/upscaled/saayangkaala-maekangal_thiruvarasu_puththaka_nilaiyam_jpg.webp","","100","","","Sri Senbaga Pathippagam, Na Parthasarathy, tamil-books"
"Manipallavam Makkal Pathippu","manipallavam-makkal-pathippu","<p>
  <strong>Book Title:</strong> மணிபல்லவம் (Manipallavam Makkal Pathippu)<br>
  <strong>Author:</strong>
  <a href=""https://dodobooks.in/collections/na-parthasarathy"" title=""na-parthasarathy"">
   நா. பார்த்தசாரதி (Na Parthasarathy)
  </a><br>
  <strong>Publisher:</strong>
  <a href=""https://dodobooks.in/collections/sri-senbaga-pathippagam"" title=""sri-senbaga-pathippagam"">
    ஸ்ரீ செண்பகா பதிப்பகம் (Sri Senbaga Pathippagam)
  </a><br>
  <strong>Year:</strong> 2010<br>
  <strong>Category:</strong>
  <a href=""https://dodobooks.in/collections/pira"" title=""pira"">
   - (-)
  </a><br>
  <strong>Subject:</strong> - (-)<br>
  <strong>No. of pages:</strong> 672<br>
  <strong>Language:</strong> தமிழ் (Tamil)<br>
  <strong>Book format:</strong> Paper Back<br>
  <strong>ISBN:</strong> -
</p>","dodobooks","TRUE","draft","https://samuvelraja.github.io/prodfilter/upscaled/mani-pallavam_jpg.webp","","350","","","Sri Senbaga Pathippagam, Na Parthasarathy, tamil-books"
"Kavithai Kalai","kavithai-kalai","<p>
  <strong>Book Title:</strong> கவிதைக் கலை (Kavithai Kalai)<br>
  <strong>Author:</strong>
  <a href=""https://dodobooks.in/collections/na-parthasarathy"" title=""na-parthasarathy"">
   நா. பார்த்தசாரதி (Na Parthasarathy)
  </a><br>
  <strong>Publisher:</strong>
  <a href=""https://dodobooks.in/collections/goura-padhipagam"" title=""goura-padhipagam"">
    கௌரா பதிப்பகக் குழுமம் (Goura Padhipagam)
  </a><br>
  <strong>Year:</strong> 2010<br>
  <strong>Category:</strong>
  <a href=""https://dodobooks.in/collections/kavithaigal"" title=""kavithaigal"">
   கவிதை (Kavithaigal), இலக்கணம் (Ilakkanam)
  </a><br>
  <strong>Subject:</strong> - (-)<br>
  <strong>No. of pages:</strong> 128<br>
  <strong>Language:</strong> தமிழ் (Tamil)<br>
  <strong>Book format:</strong> Paper Back<br>
  <strong>ISBN:</strong> -
</p>","dodobooks","TRUE","draft","https://samuvelraja.github.io/prodfilter/upscaled/kavithaik_kalai_jpg.webp","","120","","","Goura Padhipagam, Na Parthasarathy, Kavithaigal, Ilakkanam, tamil-books"
"Pon Vilangu Thirumagal Nilaiyam","pon-vilangu-thirumagal-nilaiyam","<p>
  <strong>Book Title:</strong> பொன் விலங்கு (Pon Vilangu Thirumagal Nilaiyam)<br>
  <strong>Author:</strong>
  <a href=""https://dodobooks.in/collections/na-parthasarathy"" title=""na-parthasarathy"">
   நா. பார்த்தசாரதி (Na Parthasarathy)
  </a><br>
  <strong>Publisher:</strong>
  <a href=""https://dodobooks.in/collections/thirumagal-nilayam"" title=""thirumagal-nilayam"">
    திருமகள் நிலையம் (Thirumagal Nilayam)
  </a><br>
  <strong>Year:</strong> 2009<br>
  <strong>Category:</strong>
  <a href=""https://dodobooks.in/collections/novel"" title=""novel"">
   நாவல் (Novel)
  </a><br>
  <strong>Subject:</strong> - (-)<br>
  <strong>No. of pages:</strong> 616<br>
  <strong>Language:</strong> தமிழ் (Tamil)<br>
  <strong>Book format:</strong> Paper Back<br>
  <strong>ISBN:</strong> -
</p>","dodobooks","TRUE","draft","https://samuvelraja.github.io/prodfilter/upscaled/ponvilangu_sri_indu_pablikeeshans_jpg.webp","","250","","","Thirumagal Nilayam, Na Parthasarathy, Novel, tamil-books"
"Kurinji Malar Thirumagal Nilaiyam","kurinji-malar-thirumagal-nilaiyam","<p>
  <strong>Book Title:</strong> குறிஞ்சி மலர் (Kurinji Malar Thirumagal Nilaiyam)<br>
  <strong>Author:</strong>
  <a href=""https://dodobooks.in/collections/na-parthasarathy"" title=""na-parthasarathy"">
   நா. பார்த்தசாரதி (Na Parthasarathy)
  </a><br>
  <strong>Publisher:</strong>
  <a href=""https://dodobooks.in/collections/thirumagal-nilayam"" title=""thirumagal-nilayam"">
    திருமகள் நிலையம் (Thirumagal Nilayam)
  </a><br>
  <strong>Year:</strong> 2009<br>
  <strong>Category:</strong>
  <a href=""https://dodobooks.in/collections/novel"" title=""novel"">
   நாவல் (Novel)
  </a><br>
  <strong>Subject:</strong> - (-)<br>
  <strong>No. of pages:</strong> 512<br>
  <strong>Language:</strong> தமிழ் (Tamil)<br>
  <strong>Book format:</strong> Paper Back<br>
  <strong>ISBN:</strong> -
</p>","dodobooks","TRUE","draft","https://samuvelraja.github.io/prodfilter/upscaled/kurinji-malar_na-pa_kavitha_jpg.webp","","290","","","Thirumagal Nilayam, Na Parthasarathy, Novel, tamil-books"
"Sathiya Vellam Thirumagal Nilaiyam","sathiya-vellam-thirumagal-nilaiyam","<p>
  <strong>Book Title:</strong> சத்திய வெள்ளம் (Sathiya Vellam Thirumagal Nilaiyam)<br>
  <strong>Author:</strong>
  <a href=""https://dodobooks.in/collections/na-parthasarathy"" title=""na-parthasarathy"">
   நா. பார்த்தசாரதி (Na Parthasarathy)
  </a><br>
  <strong>Publisher:</strong>
  <a href=""https://dodobooks.in/collections/thirumagal-nilayam"" title=""thirumagal-nilayam"">
    திருமகள் நிலையம் (Thirumagal Nilayam)
  </a><br>
  <strong>Year:</strong> 2008<br>
  <strong>Category:</strong>
  <a href=""https://dodobooks.in/collections/novel"" title=""novel"">
   நாவல் (Novel)
  </a><br>
  <strong>Subject:</strong> - (-)<br>
  <strong>No. of pages:</strong> 384<br>
  <strong>Language:</strong> தமிழ் (Tamil)<br>
  <strong>Book format:</strong> Paper Back<br>
  <strong>ISBN:</strong> -
</p>","dodobooks","TRUE","draft","https://samuvelraja.github.io/prodfilter/upscaled/sathiya-vellam_thirumagal_nilayam_jpg.webp","","130","","","Thirumagal Nilayam, Na Parthasarathy, Novel, tamil-books"
"Manipallavam Thirumagal Nilaiyam","manipallavam-thirumagal-nilaiyam","<p>
  <strong>Book Title:</strong> மணிபல்லவம் (Manipallavam Thirumagal Nilaiyam)<br>
  <strong>Author:</strong>
  <a href=""https://dodobooks.in/collections/na-parthasarathy"" title=""na-parthasarathy"">
   நா. பார்த்தசாரதி (Na Parthasarathy)
  </a><br>
  <strong>Publisher:</strong>
  <a href=""https://dodobooks.in/collections/thirumagal-nilayam"" title=""thirumagal-nilayam"">
    திருமகள் நிலையம் (Thirumagal Nilayam)
  </a><br>
  <strong>Year:</strong> 2008<br>
  <strong>Category:</strong>
  <a href=""https://dodobooks.in/collections/novel"" title=""novel"">
   நாவல் (Novel)
  </a><br>
  <strong>Subject:</strong> - (-)<br>
  <strong>No. of pages:</strong> 768<br>
  <strong>Language:</strong> தமிழ் (Tamil)<br>
  <strong>Book format:</strong> Paper Back<br>
  <strong>ISBN:</strong> -
</p>","dodobooks","TRUE","draft","https://samuvelraja.github.io/prodfilter/upscaled/mani-pallavam_jpg.webp","","355","","","Thirumagal Nilayam, Na Parthasarathy, Novel, tamil-books"
"Kapaadapuram Varalaatru Naaval","kapaadapuram-varalaatru-naaval","<p>
  <strong>Book Title:</strong> கபாடபுரம் (Kapaadapuram Varalaatru Naaval)<br>
  <strong>Author:</strong>
  <a href=""https://dodobooks.in/collections/na-parthasarathy"" title=""na-parthasarathy"">
   நா. பார்த்தசாரதி (Na Parthasarathy)
  </a><br>
  <strong>Publisher:</strong>
  <a href=""https://dodobooks.in/collections/goura-padhipagam"" title=""goura-padhipagam"">
    கௌரா பதிப்பகக் குழுமம் (Goura Padhipagam)
  </a><br>
  <strong>Year:</strong> 2007<br>
  <strong>Category:</strong>
  <a href=""https://dodobooks.in/collections/novel"" title=""novel"">
   நாவல் (Novel)
  </a><br>
  <strong>Subject:</strong> பிற (Pira)<br>
  <strong>No. of pages:</strong> 150<br>
  <strong>Language:</strong> தமிழ் (Tamil)<br>
  <strong>Book format:</strong> Paper Back<br>
  <strong>ISBN:</strong> -
</p>","dodobooks","TRUE","draft","https://samuvelraja.github.io/prodfilter/upscaled/kabaadapuram_varalaatru_naaval_jpg.webp","","120","","","Goura Padhipagam, Na Parthasarathy, Novel, tamil-books"
"Aathmaavin Raagangal Tamil Puthakaalayam","aathmaavin-raagangal-tamil-puthakaalayam","<p>
  <strong>Book Title:</strong> ஆத்மாவின் ராகங்கள் (Aathmaavin Raagangal Tamil Puthakaalayam)<br>
  <strong>Author:</strong>
  <a href=""https://dodobooks.in/collections/na-parthasarathy"" title=""na-parthasarathy"">
   நா. பார்த்தசாரதி (Na Parthasarathy)
  </a><br>
  <strong>Publisher:</strong>
  <a href=""https://dodobooks.in/collections/tamil-puthagalayam-thagam"" title=""tamil-puthagalayam-thagam"">
    தமிழ்ப் புத்தகாலயம் - தாகம் (Tamil Puthagalayam Thagam)
  </a><br>
  <strong>Year:</strong> 2005<br>
  <strong>Category:</strong>
  <a href=""https://dodobooks.in/collections/novel"" title=""novel"">
   நாவல் (Novel)
  </a><br>
  <strong>Subject:</strong> - (-)<br>
  <strong>No. of pages:</strong> 264<br>
  <strong>Language:</strong> தமிழ் (Tamil)<br>
  <strong>Book format:</strong> Paper Back<br>
  <strong>ISBN:</strong> -
</p>","dodobooks","TRUE","draft","https://samuvelraja.github.io/prodfilter/upscaled/aathmaavin-raakangal_na-pa_jpg.webp","","80","","","Tamil Puthagalayam Thagam, Na Parthasarathy, Novel, tamil-books"
"Kopura Dheepam Tha Va Thu","kopura-dheepam-tha-va-thu","<p>
  <strong>Book Title:</strong> கோபுர தீபம் (Kopura Dheepam Tha Va Thu)<br>
  <strong>Author:</strong>
  <a href=""https://dodobooks.in/collections/na-parthasarathy"" title=""na-parthasarathy"">
   நா. பார்த்தசாரதி (Na Parthasarathy)
  </a><br>
  <strong>Publisher:</strong>
  <a href=""https://dodobooks.in/collections/tamil-valarchi-thurai"" title=""tamil-valarchi-thurai"">
    தமிழ் வளர்ச்சித் துறை (Tamil Valarchi Thurai)
  </a><br>
  <strong>Year:</strong> -<br>
  <strong>Category:</strong>
  <a href=""https://dodobooks.in/collections/novel"" title=""novel"">
   நாவல் (Novel)
  </a><br>
  <strong>Subject:</strong> - (-)<br>
  <strong>No. of pages:</strong> -<br>
  <strong>Language:</strong> தமிழ் (Tamil)<br>
  <strong>Book format:</strong> Paper Back<br>
  <strong>ISBN:</strong> -
</p>","dodobooks","TRUE","draft","https://samuvelraja.github.io/prodfilter/upscaled/gopura-theebam_jpg.webp","","240","","","Tamil Valarchi Thurai, Na Parthasarathy, Novel, tamil-books"
"Niththilavalli Tamil Valarchi Thurai","niththilavalli-tamil-valarchi-thurai","<p>
  <strong>Book Title:</strong> நித்திலவல்லி (Niththilavalli Tamil Valarchi Thurai)<br>
  <strong>Author:</strong>
  <a href=""https://dodobooks.in/collections/na-parthasarathy"" title=""na-parthasarathy"">
   நா. பார்த்தசாரதி (Na Parthasarathy)
  </a><br>
  <strong>Publisher:</strong>
  <a href=""https://dodobooks.in/collections/tamil-valarchi-thurai"" title=""tamil-valarchi-thurai"">
    தமிழ் வளர்ச்சித் துறை (Tamil Valarchi Thurai)
  </a><br>
  <strong>Year:</strong> -<br>
  <strong>Category:</strong>
  <a href=""https://dodobooks.in/collections/novel"" title=""novel"">
   நாவல் (Novel), வரலாறு (Varalaru)
  </a><br>
  <strong>Subject:</strong> - (-)<br>
  <strong>No. of pages:</strong> -<br>
  <strong>Language:</strong> தமிழ் (Tamil)<br>
  <strong>Book format:</strong> Paper Back<br>
  <strong>ISBN:</strong> -
</p>","dodobooks","TRUE","draft","https://samuvelraja.github.io/prodfilter/upscaled/niththilavalli_thirumagal_nilayam_jpg.webp","","200","","","Tamil Valarchi Thurai, Na Parthasarathy, Novel, Varalaru, tamil-books"
"Ninaivin Nizhalgal","ninaivin-nizhalgal","<p>
  <strong>Book Title:</strong> நினைவின் நிழல்கள் (Ninaivin Nizhalgal)<br>
  <strong>Author:</strong>
  <a href=""https://dodobooks.in/collections/na-parthasarathy"" title=""na-parthasarathy"">
   நா. பார்த்தசாரதி (Na Parthasarathy)
  </a><br>
  <strong>Publisher:</strong>
  <a href=""https://dodobooks.in/collections/goura-padhipagam"" title=""goura-padhipagam"">
    கௌரா பதிப்பகக் குழுமம் (Goura Padhipagam)
  </a><br>
  <strong>Year:</strong> -<br>
  <strong>Category:</strong>
  <a href=""https://dodobooks.in/collections/novel"" title=""novel"">
   நாவல் (Novel)
  </a><br>
  <strong>Subject:</strong> - (-)<br>
  <strong>No. of pages:</strong> -<br>
  <strong>Language:</strong> தமிழ் (Tamil)<br>
  <strong>Book format:</strong> Paper Back<br>
  <strong>ISBN:</strong> 9789392406928
</p>","dodobooks","TRUE","draft","https://samuvelraja.github.io/prodfilter/upscaled/ninaivin-nizhalgal_png.webp","","500","","","Goura Padhipagam, Na Parthasarathy, Novel, tamil-books"
"Malai Sigaram","malai-sigaram","<p>
  <strong>Book Title:</strong> மலைச் சிகரம் (Malai Sigaram)<br>
  <strong>Author:</strong>
  <a href=""https://dodobooks.in/collections/na-parthasarathy"" title=""na-parthasarathy"">
   நா. பார்த்தசாரதி (Na Parthasarathy)
  </a><br>
  <strong>Publisher:</strong>
  <a href=""https://dodobooks.in/collections/goura-padhipagam"" title=""goura-padhipagam"">
    கௌரா பதிப்பகக் குழுமம் (Goura Padhipagam)
  </a><br>
  <strong>Year:</strong> -<br>
  <strong>Category:</strong>
  <a href=""https://dodobooks.in/collections/pira"" title=""pira"">
   - (-)
  </a><br>
  <strong>Subject:</strong> - (-)<br>
  <strong>No. of pages:</strong> -<br>
  <strong>Language:</strong> தமிழ் (Tamil)<br>
  <strong>Book format:</strong> Paper Back<br>
  <strong>ISBN:</strong> -
</p>","dodobooks","TRUE","draft","https://samuvelraja.github.io/prodfilter/upscaled/malais_sikaram_png.webp","","480","","","Goura Padhipagam, Na Parthasarathy, tamil-books"
"Na Paa Vin Sarithira Sirukathaigal","na-paa-vin-sarithira-sirukathaigal","<p>
  <strong>Book Title:</strong> நா.பா. வின் சரித்திர சிறுகதைகள் (Na Paa Vin Sarithira Sirukathaigal)<br>
  <strong>Author:</strong>
  <a href=""https://dodobooks.in/collections/na-parthasarathy"" title=""na-parthasarathy"">
   நா. பார்த்தசாரதி (Na Parthasarathy)
  </a><br>
  <strong>Publisher:</strong>
  <a href=""https://dodobooks.in/collections/goura-padhipagam"" title=""goura-padhipagam"">
    கௌரா பதிப்பகக் குழுமம் (Goura Padhipagam)
  </a><br>
  <strong>Year:</strong> -<br>
  <strong>Category:</strong>
  <a href=""https://dodobooks.in/collections/short-story"" title=""short-story"">
   சிறுகதை (Short Story)
  </a><br>
  <strong>Subject:</strong> வரலாறு (Varalaru)<br>
  <strong>No. of pages:</strong> 696<br>
  <strong>Language:</strong> தமிழ் (Tamil)<br>
  <strong>Book format:</strong> Hardcover<br>
  <strong>ISBN:</strong> 9789382689621
</p>","dodobooks","TRUE","draft","https://samuvelraja.github.io/prodfilter/upscaled/na-pa-vin-sariththira-sirukathaikal_jpg.webp","","700","","","Goura Padhipagam, Na Parthasarathy, Short Story, tamil-books"
"Thanippaadal Kathaigal","thanippaadal-kathaigal","<p>
  <strong>Book Title:</strong> தனிப்பாடல் கதைகள் (Thanippaadal Kathaigal)<br>
  <strong>Author:</strong>
  <a href=""https://dodobooks.in/collections/na-parthasarathy"" title=""na-parthasarathy"">
   நா. பார்த்தசாரதி (Na Parthasarathy)
  </a><br>
  <strong>Publisher:</strong>
  <a href=""https://dodobooks.in/collections/goura-padhipagam"" title=""goura-padhipagam"">
    கௌரா பதிப்பகக் குழுமம் (Goura Padhipagam)
  </a><br>
  <strong>Year:</strong> -<br>
  <strong>Category:</strong>
  <a href=""https://dodobooks.in/collections/novel"" title=""novel"">
   நாவல் (Novel)
  </a><br>
  <strong>Subject:</strong> - (-)<br>
  <strong>No. of pages:</strong> 220<br>
  <strong>Language:</strong> தமிழ் (Tamil)<br>
  <strong>Book format:</strong> Paper Back<br>
  <strong>ISBN:</strong> -
</p>","dodobooks","TRUE","draft","https://samuvelraja.github.io/prodfilter/upscaled/thanippaadal_kathaikal_png.webp","","200","","","Goura Padhipagam, Na Parthasarathy, Novel, tamil-books"
"Mahaabaaratham Vasanam","mahaabaaratham-vasanam","<p>
  <strong>Book Title:</strong> மகாபாரதம் வசனம் (Mahaabaaratham Vasanam)<br>
  <strong>Author:</strong>
  <a href=""https://dodobooks.in/collections/na-parthasarathy"" title=""na-parthasarathy"">
   நா. பார்த்தசாரதி (Na Parthasarathy)
  </a><br>
  <strong>Publisher:</strong>
  <a href=""https://dodobooks.in/collections/goura-padhipagam"" title=""goura-padhipagam"">
    கௌரா பதிப்பகக் குழுமம் (Goura Padhipagam)
  </a><br>
  <strong>Year:</strong> -<br>
  <strong>Category:</strong>
  <a href=""https://dodobooks.in/collections/ilakiyam"" title=""ilakiyam"">
   இலக்கியம் (Ilakiyam)
  </a><br>
  <strong>Subject:</strong> - (-)<br>
  <strong>No. of pages:</strong> 416<br>
  <strong>Language:</strong> தமிழ் (Tamil)<br>
  <strong>Book format:</strong> Paper Back<br>
  <strong>ISBN:</strong> -
</p>","dodobooks","TRUE","draft","https://samuvelraja.github.io/prodfilter/upscaled/mahaabaaratham-vasanam_jpg.webp","","400","","","Goura Padhipagam, Na Parthasarathy, Ilakiyam, tamil-books"
"Mozhiyin Vazhiye","mozhiyin-vazhiye","<p>
  <strong>Book Title:</strong> மொழியின் வழியே (Mozhiyin Vazhiye)<br>
  <strong>Author:</strong>
  <a href=""https://dodobooks.in/collections/na-parthasarathy"" title=""na-parthasarathy"">
   நா. பார்த்தசாரதி (Na Parthasarathy)
  </a><br>
  <strong>Publisher:</strong>
  <a href=""https://dodobooks.in/collections/goura-padhipagam"" title=""goura-padhipagam"">
    கௌரா பதிப்பகக் குழுமம் (Goura Padhipagam)
  </a><br>
  <strong>Year:</strong> -<br>
  <strong>Category:</strong>
  <a href=""https://dodobooks.in/collections/novel"" title=""novel"">
   நாவல் (Novel)
  </a><br>
  <strong>Subject:</strong> - (-)<br>
  <strong>No. of pages:</strong> 104<br>
  <strong>Language:</strong> தமிழ் (Tamil)<br>
  <strong>Book format:</strong> Paper Back<br>
  <strong>ISBN:</strong> -
</p>","dodobooks","TRUE","draft","https://samuvelraja.github.io/prodfilter/upscaled/mozhiyin-vazhiyae_na-pa_jpg.webp","","35","","","Goura Padhipagam, Na Parthasarathy, Novel, tamil-books"
"Saayangaala Megangal","saayangaala-megangal","<p>
  <strong>Book Title:</strong> சாயங்கால மேகங்கள் (Saayangaala Megangal)<br>
  <strong>Author:</strong>
  <a href=""https://dodobooks.in/collections/na-parthasarathy"" title=""na-parthasarathy"">
   நா. பார்த்தசாரதி (Na Parthasarathy)
  </a><br>
  <strong>Publisher:</strong>
  <a href=""https://dodobooks.in/collections/goura-padhipagam"" title=""goura-padhipagam"">
    கௌரா பதிப்பகக் குழுமம் (Goura Padhipagam)
  </a><br>
  <strong>Year:</strong> -<br>
  <strong>Category:</strong>
  <a href=""https://dodobooks.in/collections/novel"" title=""novel"">
   நாவல் (Novel)
  </a><br>
  <strong>Subject:</strong> - (-)<br>
  <strong>No. of pages:</strong> 192<br>
  <strong>Language:</strong> தமிழ் (Tamil)<br>
  <strong>Book format:</strong> Paper Back<br>
  <strong>ISBN:</strong> -
</p>","dodobooks","TRUE","draft","https://samuvelraja.github.io/prodfilter/upscaled/saayangkaala-maekangal_thiruvarasu_puththaka_nilaiyam_jpg.webp","","140","","","Goura Padhipagam, Na Parthasarathy, Novel, tamil-books"
"Vetri Muzhakkam","vetri-muzhakkam","<p>
  <strong>Book Title:</strong> வெற்றி முழக்கம் (Vetri Muzhakkam)<br>
  <strong>Author:</strong>
  <a href=""https://dodobooks.in/collections/na-parthasarathy"" title=""na-parthasarathy"">
   நா. பார்த்தசாரதி (Na Parthasarathy)
  </a><br>
  <strong>Publisher:</strong>
  <a href=""https://dodobooks.in/collections/goura-padhipagam"" title=""goura-padhipagam"">
    கௌரா பதிப்பகக் குழுமம் (Goura Padhipagam)
  </a><br>
  <strong>Year:</strong> -<br>
  <strong>Category:</strong>
  <a href=""https://dodobooks.in/collections/novel"" title=""novel"">
   நாவல் (Novel)
  </a><br>
  <strong>Subject:</strong> - (-)<br>
  <strong>No. of pages:</strong> 352<br>
  <strong>Language:</strong> தமிழ் (Tamil)<br>
  <strong>Book format:</strong> Paper Back<br>
  <strong>ISBN:</strong> -
</p>","dodobooks","TRUE","draft","https://samuvelraja.github.io/prodfilter/upscaled/vetri-muzhakkam_jpg.webp","","200","","","Goura Padhipagam, Na Parthasarathy, Novel, tamil-books"
"Paandimaadevi Goura Pathippagak Kuzhumam","paandimaadevi-goura-pathippagak-kuzhumam","<p>
  <strong>Book Title:</strong> பாண்டிமாதேவி (Paandimaadevi Goura Pathippagak Kuzhumam)<br>
  <strong>Author:</strong>
  <a href=""https://dodobooks.in/collections/na-parthasarathy"" title=""na-parthasarathy"">
   நா. பார்த்தசாரதி (Na Parthasarathy)
  </a><br>
  <strong>Publisher:</strong>
  <a href=""https://dodobooks.in/collections/goura-padhipagam"" title=""goura-padhipagam"">
    கௌரா பதிப்பகக் குழுமம் (Goura Padhipagam)
  </a><br>
  <strong>Year:</strong> -<br>
  <strong>Category:</strong>
  <a href=""https://dodobooks.in/collections/novel"" title=""novel"">
   நாவல் (Novel)
  </a><br>
  <strong>Subject:</strong> - (-)<br>
  <strong>No. of pages:</strong> 648<br>
  <strong>Language:</strong> தமிழ் (Tamil)<br>
  <strong>Book format:</strong> -<br>
  <strong>ISBN:</strong> -
</p>","dodobooks","TRUE","draft","https://samuvelraja.github.io/prodfilter/upscaled/paandimaadevi_niveditha_pathippagam_jpg.webp","","550","","","Goura Padhipagam, Na Parthasarathy, Novel, tamil-books"
"Thulasi Maadam","thulasi-maadam","<p>
  <strong>Book Title:</strong> துளசி மாடம் (Thulasi Maadam)<br>
  <strong>Author:</strong>
  <a href=""https://dodobooks.in/collections/na-parthasarathy"" title=""na-parthasarathy"">
   நா. பார்த்தசாரதி (Na Parthasarathy)
  </a><br>
  <strong>Publisher:</strong>
  <a href=""https://dodobooks.in/collections/goura-padhipagam"" title=""goura-padhipagam"">
    கௌரா பதிப்பகக் குழுமம் (Goura Padhipagam)
  </a><br>
  <strong>Year:</strong> -<br>
  <strong>Category:</strong>
  <a href=""https://dodobooks.in/collections/novel"" title=""novel"">
   நாவல் (Novel)
  </a><br>
  <strong>Subject:</strong> - (-)<br>
  <strong>No. of pages:</strong> 256<br>
  <strong>Language:</strong> தமிழ் (Tamil)<br>
  <strong>Book format:</strong> Paper Back<br>
  <strong>ISBN:</strong> -
</p>","dodobooks","TRUE","draft","https://samuvelraja.github.io/prodfilter/upscaled/thulasi-maadam_jpg.webp","","140","","","Goura Padhipagam, Na Parthasarathy, Novel, tamil-books"
"Aathmaavin Raagangal Goura Pathippagak Kuzhumam","aathmaavin-raagangal-goura-pathippagak-kuzhumam","<p>
  <strong>Book Title:</strong> ஆத்மாவின் ராகங்கள் (Aathmaavin Raagangal Goura Pathippagak Kuzhumam)<br>
  <strong>Author:</strong>
  <a href=""https://dodobooks.in/collections/na-parthasarathy"" title=""na-parthasarathy"">
   நா. பார்த்தசாரதி (Na Parthasarathy)
  </a><br>
  <strong>Publisher:</strong>
  <a href=""https://dodobooks.in/collections/goura-padhipagam"" title=""goura-padhipagam"">
    கௌரா பதிப்பகக் குழுமம் (Goura Padhipagam)
  </a><br>
  <strong>Year:</strong> -<br>
  <strong>Category:</strong>
  <a href=""https://dodobooks.in/collections/novel"" title=""novel"">
   நாவல் (Novel)
  </a><br>
  <strong>Subject:</strong> - (-)<br>
  <strong>No. of pages:</strong> 208<br>
  <strong>Language:</strong> தமிழ் (Tamil)<br>
  <strong>Book format:</strong> Paper Back<br>
  <strong>ISBN:</strong> -
</p>","dodobooks","TRUE","draft","https://samuvelraja.github.io/prodfilter/upscaled/aathmaavin-raakangal_na-pa_jpg.webp","","100","","","Goura Padhipagam, Na Parthasarathy, Novel, tamil-books"
"Nenjakkanal Goura Pathippagak Kuzhumam","nenjakkanal-goura-pathippagak-kuzhumam","<p>
  <strong>Book Title:</strong> நெஞ்சக்கனல் (Nenjakkanal Goura Pathippagak Kuzhumam)<br>
  <strong>Author:</strong>
  <a href=""https://dodobooks.in/collections/na-parthasarathy"" title=""na-parthasarathy"">
   நா. பார்த்தசாரதி (Na Parthasarathy)
  </a><br>
  <strong>Publisher:</strong>
  <a href=""https://dodobooks.in/collections/goura-padhipagam"" title=""goura-padhipagam"">
    கௌரா பதிப்பகக் குழுமம் (Goura Padhipagam)
  </a><br>
  <strong>Year:</strong> -<br>
  <strong>Category:</strong>
  <a href=""https://dodobooks.in/collections/novel"" title=""novel"">
   நாவல் (Novel)
  </a><br>
  <strong>Subject:</strong> - (-)<br>
  <strong>No. of pages:</strong> 152<br>
  <strong>Language:</strong> தமிழ் (Tamil)<br>
  <strong>Book format:</strong> Paper Back<br>
  <strong>ISBN:</strong> -
</p>","dodobooks","TRUE","draft","https://samuvelraja.github.io/prodfilter/upscaled/nenjakkanal_sri_senbaga_pathippagam_jpg.webp","","70","","","Goura Padhipagam, Na Parthasarathy, Novel, tamil-books"
"Niththilavalli","niththilavalli","<p>
  <strong>Book Title:</strong> நித்திலவல்லி (Niththilavalli)<br>
  <strong>Author:</strong>
  <a href=""https://dodobooks.in/collections/na-parthasarathy"" title=""na-parthasarathy"">
   நா. பார்த்தசாரதி (Na Parthasarathy)
  </a><br>
  <strong>Publisher:</strong>
  <a href=""https://dodobooks.in/collections/goura-padhipagam"" title=""goura-padhipagam"">
    கௌரா பதிப்பகக் குழுமம் (Goura Padhipagam)
  </a><br>
  <strong>Year:</strong> -<br>
  <strong>Category:</strong>
  <a href=""https://dodobooks.in/collections/novel"" title=""novel"">
   நாவல் (Novel)
  </a><br>
  <strong>Subject:</strong> - (-)<br>
  <strong>No. of pages:</strong> 400<br>
  <strong>Language:</strong> தமிழ் (Tamil)<br>
  <strong>Book format:</strong> Paper Back<br>
  <strong>ISBN:</strong> -
</p>","dodobooks","TRUE","draft","https://samuvelraja.github.io/prodfilter/upscaled/niththilavalli_thirumagal_nilayam_jpg.webp","","200","","","Goura Padhipagam, Na Parthasarathy, Novel, tamil-books"
"Manipallavam Goura Pathippagak Kuzhumam","manipallavam-goura-pathippagak-kuzhumam","<p>
  <strong>Book Title:</strong> மணிபல்லவம் (Manipallavam Goura Pathippagak Kuzhumam)<br>
  <strong>Author:</strong>
  <a href=""https://dodobooks.in/collections/na-parthasarathy"" title=""na-parthasarathy"">
   நா. பார்த்தசாரதி (Na Parthasarathy)
  </a><br>
  <strong>Publisher:</strong>
  <a href=""https://dodobooks.in/collections/goura-padhipagam"" title=""goura-padhipagam"">
    கௌரா பதிப்பகக் குழுமம் (Goura Padhipagam)
  </a><br>
  <strong>Year:</strong> -<br>
  <strong>Category:</strong>
  <a href=""https://dodobooks.in/collections/novel"" title=""novel"">
   நாவல் (Novel)
  </a><br>
  <strong>Subject:</strong> - (-)<br>
  <strong>No. of pages:</strong> 752<br>
  <strong>Language:</strong> தமிழ் (Tamil)<br>
  <strong>Book format:</strong> Paper Back<br>
  <strong>ISBN:</strong> -
</p>","dodobooks","TRUE","draft","https://samuvelraja.github.io/prodfilter/upscaled/mani-pallavam_jpg.webp","","650","","","Goura Padhipagam, Na Parthasarathy, Novel, tamil-books"
"Raani Mangammaal Goura Pathippagak Kuzhumam","raani-mangammaal-goura-pathippagak-kuzhumam","<p>
  <strong>Book Title:</strong> ராணி மங்கம்மாள் (Raani Mangammaal Goura Pathippagak Kuzhumam)<br>
  <strong>Author:</strong>
  <a href=""https://dodobooks.in/collections/na-parthasarathy"" title=""na-parthasarathy"">
   நா. பார்த்தசாரதி (Na Parthasarathy)
  </a><br>
  <strong>Publisher:</strong>
  <a href=""https://dodobooks.in/collections/goura-padhipagam"" title=""goura-padhipagam"">
    கௌரா பதிப்பகக் குழுமம் (Goura Padhipagam)
  </a><br>
  <strong>Year:</strong> -<br>
  <strong>Category:</strong>
  <a href=""https://dodobooks.in/collections/novel"" title=""novel"">
   நாவல் (Novel)
  </a><br>
  <strong>Subject:</strong> - (-)<br>
  <strong>No. of pages:</strong> 192<br>
  <strong>Language:</strong> தமிழ் (Tamil)<br>
  <strong>Book format:</strong> Paper Back<br>
  <strong>ISBN:</strong> -
</p>","dodobooks","TRUE","draft","https://samuvelraja.github.io/prodfilter/upscaled/rani-mangammal_kavitha-publication_jpg.webp","","140","","","Goura Padhipagam, Na Parthasarathy, Novel, tamil-books"
"Samudhaya Veedhi Goura Pathippagak Kuzhumam","samudhaya-veedhi-goura-pathippagak-kuzhumam","<p>
  <strong>Book Title:</strong> சமுதாய வீதி (Samudhaya Veedhi Goura Pathippagak Kuzhumam)<br>
  <strong>Author:</strong>
  <a href=""https://dodobooks.in/collections/na-parthasarathy"" title=""na-parthasarathy"">
   நா. பார்த்தசாரதி (Na Parthasarathy)
  </a><br>
  <strong>Publisher:</strong>
  <a href=""https://dodobooks.in/collections/goura-padhipagam"" title=""goura-padhipagam"">
    கௌரா பதிப்பகக் குழுமம் (Goura Padhipagam)
  </a><br>
  <strong>Year:</strong> -<br>
  <strong>Category:</strong>
  <a href=""https://dodobooks.in/collections/novel"" title=""novel"">
   நாவல் (Novel)
  </a><br>
  <strong>Subject:</strong> - (-)<br>
  <strong>No. of pages:</strong> 184<br>
  <strong>Language:</strong> தமிழ் (Tamil)<br>
  <strong>Book format:</strong> Paper Back<br>
  <strong>ISBN:</strong> -
</p>","dodobooks","TRUE","draft","https://samuvelraja.github.io/prodfilter/upscaled/samuthaya-veethi_jpg.webp","","100","","","Goura Padhipagam, Na Parthasarathy, Novel, tamil-books"
"Vanjimaanagaram","vanjimaanagaram","<p>
  <strong>Book Title:</strong> வஞ்சிமாநகரம் (Vanjimaanagaram)<br>
  <strong>Author:</strong>
  <a href=""https://dodobooks.in/collections/na-parthasarathy"" title=""na-parthasarathy"">
   நா. பார்த்தசாரதி (Na Parthasarathy)
  </a><br>
  <strong>Publisher:</strong>
  <a href=""https://dodobooks.in/collections/goura-padhipagam"" title=""goura-padhipagam"">
    கௌரா பதிப்பகக் குழுமம் (Goura Padhipagam)
  </a><br>
  <strong>Year:</strong> -<br>
  <strong>Category:</strong>
  <a href=""https://dodobooks.in/collections/novel"" title=""novel"">
   நாவல் (Novel)
  </a><br>
  <strong>Subject:</strong> - (-)<br>
  <strong>No. of pages:</strong> 96<br>
  <strong>Language:</strong> தமிழ் (Tamil)<br>
  <strong>Book format:</strong> Paper Back<br>
  <strong>ISBN:</strong> -
</p>","dodobooks","TRUE","draft","https://samuvelraja.github.io/prodfilter/upscaled/vanjimaa-nakar_jpg.webp","","110","","","Goura Padhipagam, Na Parthasarathy, Novel, tamil-books"
"Kurinji Malar Goura Pathippagak Kuzhumam","kurinji-malar-goura-pathippagak-kuzhumam","<p>
  <strong>Book Title:</strong> குறிஞ்சி மலர் (Kurinji Malar Goura Pathippagak Kuzhumam)<br>
  <strong>Author:</strong>
  <a href=""https://dodobooks.in/collections/na-parthasarathy"" title=""na-parthasarathy"">
   நா. பார்த்தசாரதி (Na Parthasarathy)
  </a><br>
  <strong>Publisher:</strong>
  <a href=""https://dodobooks.in/collections/goura-padhipagam"" title=""goura-padhipagam"">
    கௌரா பதிப்பகக் குழுமம் (Goura Padhipagam)
  </a><br>
  <strong>Year:</strong> -<br>
  <strong>Category:</strong>
  <a href=""https://dodobooks.in/collections/novel"" title=""novel"">
   நாவல் (Novel)
  </a><br>
  <strong>Subject:</strong> - (-)<br>
  <strong>No. of pages:</strong> 400<br>
  <strong>Language:</strong> தமிழ் (Tamil)<br>
  <strong>Book format:</strong> Paper Back<br>
  <strong>ISBN:</strong> -
</p>","dodobooks","TRUE","draft","https://samuvelraja.github.io/prodfilter/upscaled/kurinji-malar_na-pa_kavitha_jpg.webp","","250","","","Goura Padhipagam, Na Parthasarathy, Novel, tamil-books"
"Pon Vilangu Goura Pathippagak Kuzhumam","pon-vilangu-goura-pathippagak-kuzhumam","<p>
  <strong>Book Title:</strong> பொன் விலங்கு (Pon Vilangu Goura Pathippagak Kuzhumam)<br>
  <strong>Author:</strong>
  <a href=""https://dodobooks.in/collections/na-parthasarathy"" title=""na-parthasarathy"">
   நா. பார்த்தசாரதி (Na Parthasarathy)
  </a><br>
  <strong>Publisher:</strong>
  <a href=""https://dodobooks.in/collections/goura-padhipagam"" title=""goura-padhipagam"">
    கௌரா பதிப்பகக் குழுமம் (Goura Padhipagam)
  </a><br>
  <strong>Year:</strong> -<br>
  <strong>Category:</strong>
  <a href=""https://dodobooks.in/collections/novel"" title=""novel"">
   நாவல் (Novel)
  </a><br>
  <strong>Subject:</strong> - (-)<br>
  <strong>No. of pages:</strong> 624<br>
  <strong>Language:</strong> தமிழ் (Tamil)<br>
  <strong>Book format:</strong> -<br>
  <strong>ISBN:</strong> -
</p>","dodobooks","TRUE","draft","https://samuvelraja.github.io/prodfilter/upscaled/ponvilangu_sri_indu_pablikeeshans_jpg.webp","","600","","","Goura Padhipagam, Na Parthasarathy, Novel, tamil-books"
"Paagavadha Kathaigal","paagavadha-kathaigal","<p>
  <strong>Book Title:</strong> பாகவதக் கதைகள் (Paagavadha Kathaigal)<br>
  <strong>Author:</strong>
  <a href=""https://dodobooks.in/collections/na-parthasarathy"" title=""na-parthasarathy"">
   நா. பார்த்தசாரதி (Na Parthasarathy)
  </a><br>
  <strong>Publisher:</strong>
  <a href=""https://dodobooks.in/collections/goura-padhipagam"" title=""goura-padhipagam"">
    கௌரா பதிப்பகக் குழுமம் (Goura Padhipagam)
  </a><br>
  <strong>Year:</strong> -<br>
  <strong>Category:</strong>
  <a href=""https://dodobooks.in/collections/novel"" title=""novel"">
   நாவல் (Novel)
  </a><br>
  <strong>Subject:</strong> - (-)<br>
  <strong>No. of pages:</strong> 180<br>
  <strong>Language:</strong> தமிழ் (Tamil)<br>
  <strong>Book format:</strong> Paper Back<br>
  <strong>ISBN:</strong> 9789388697804
</p>","dodobooks","TRUE","draft","https://samuvelraja.github.io/prodfilter/upscaled/paakavathak-kathaikal_jpg.webp","","200","","","Goura Padhipagam, Na Parthasarathy, Novel, tamil-books"
"Anicha Malar Puthumugam","anicha-malar-puthumugam","<p>
  <strong>Book Title:</strong> அனிச்ச மலர், புதுமுகம் (Anicha Malar Puthumugam)<br>
  <strong>Author:</strong>
  <a href=""https://dodobooks.in/collections/na-parthasarathy"" title=""na-parthasarathy"">
   நா. பார்த்தசாரதி (Na Parthasarathy)
  </a><br>
  <strong>Publisher:</strong>
  <a href=""https://dodobooks.in/collections/goura-padhipagam"" title=""goura-padhipagam"">
    கௌரா பதிப்பகக் குழுமம் (Goura Padhipagam)
  </a><br>
  <strong>Year:</strong> -<br>
  <strong>Category:</strong>
  <a href=""https://dodobooks.in/collections/novel"" title=""novel"">
   நாவல் (Novel)
  </a><br>
  <strong>Subject:</strong> - (-)<br>
  <strong>No. of pages:</strong> 258<br>
  <strong>Language:</strong> தமிழ் (Tamil)<br>
  <strong>Book format:</strong> Paper Back<br>
  <strong>ISBN:</strong> -
</p>","dodobooks","TRUE","draft","https://samuvelraja.github.io/prodfilter/upscaled/anichchamalar_puthumugam_jpg.webp","","250","","","Goura Padhipagam, Na Parthasarathy, Novel, tamil-books"
"Pazhandhamizhar Kattadak Kalaiyum Nagaramaippum","pazhandhamizhar-kattadak-kalaiyum-nagaramaippum","<p>
  <strong>Book Title:</strong> பழந்தமிழர் கட்டடக் கலையும் நகரமைப்பும் (Pazhandhamizhar Kattadak Kalaiyum Nagaramaippum)<br>
  <strong>Author:</strong>
  <a href=""https://dodobooks.in/collections/na-parthasarathy"" title=""na-parthasarathy"">
   நா. பார்த்தசாரதி (Na Parthasarathy)
  </a><br>
  <strong>Publisher:</strong>
  <a href=""https://dodobooks.in/collections/goura-padhipagam"" title=""goura-padhipagam"">
    கௌரா பதிப்பகக் குழுமம் (Goura Padhipagam)
  </a><br>
  <strong>Year:</strong> -<br>
  <strong>Category:</strong>
  <a href=""https://dodobooks.in/collections/novel"" title=""novel"">
   நாவல் (Novel)
  </a><br>
  <strong>Subject:</strong> - (-)<br>
  <strong>No. of pages:</strong> 163<br>
  <strong>Language:</strong> தமிழ் (Tamil)<br>
  <strong>Book format:</strong> Paper Back<br>
  <strong>ISBN:</strong> -
</p>","dodobooks","TRUE","draft","https://samuvelraja.github.io/prodfilter/upscaled/pazhanthamizhar-kattadak-kalaiyum-naharamaippum_jpg.webp","","180","","","Goura Padhipagam, Na Parthasarathy, Novel, tamil-books"
"Pirantha Mann Goura Pathippagak Kuzhumam","pirantha-mann-goura-pathippagak-kuzhumam","<p>
  <strong>Book Title:</strong> பிறந்த மண் (Pirantha Mann Goura Pathippagak Kuzhumam)<br>
  <strong>Author:</strong>
  <a href=""https://dodobooks.in/collections/na-parthasarathy"" title=""na-parthasarathy"">
   நா. பார்த்தசாரதி (Na Parthasarathy)
  </a><br>
  <strong>Publisher:</strong>
  <a href=""https://dodobooks.in/collections/goura-padhipagam"" title=""goura-padhipagam"">
    கௌரா பதிப்பகக் குழுமம் (Goura Padhipagam)
  </a><br>
  <strong>Year:</strong> -<br>
  <strong>Category:</strong>
  <a href=""https://dodobooks.in/collections/novel"" title=""novel"">
   நாவல் (Novel)
  </a><br>
  <strong>Subject:</strong> - (-)<br>
  <strong>No. of pages:</strong> 248<br>
  <strong>Language:</strong> தமிழ் (Tamil)<br>
  <strong>Book format:</strong> Paper Back<br>
  <strong>ISBN:</strong> -
</p>","dodobooks","TRUE","draft","https://samuvelraja.github.io/prodfilter/upscaled/pirantha-mann_sri_senbaga_pathippagam_jpg.webp","","240","","","Goura Padhipagam, Na Parthasarathy, Novel, tamil-books"
"Na Paa Vin Sarithira Sirukathaigal","na-paa-vin-sarithira-sirukathaigal","<p>
  <strong>Book Title:</strong> நா. பாவின் சரித்திர சிறுகதைகள் (Na Paa Vin Sarithira Sirukathaigal)<br>
  <strong>Author:</strong>
  <a href=""https://dodobooks.in/collections/na-parthasarathy"" title=""na-parthasarathy"">
   நா. பார்த்தசாரதி (Na Parthasarathy)
  </a><br>
  <strong>Publisher:</strong>
  <a href=""https://dodobooks.in/collections/goura-padhipagam"" title=""goura-padhipagam"">
    கௌரா பதிப்பகக் குழுமம் (Goura Padhipagam)
  </a><br>
  <strong>Year:</strong> -<br>
  <strong>Category:</strong>
  <a href=""https://dodobooks.in/collections/novel"" title=""novel"">
   நாவல் (Novel)
  </a><br>
  <strong>Subject:</strong> - (-)<br>
  <strong>No. of pages:</strong> 696<br>
  <strong>Language:</strong> தமிழ் (Tamil)<br>
  <strong>Book format:</strong> Paper Back<br>
  <strong>ISBN:</strong> -
</p>","dodobooks","TRUE","draft","https://samuvelraja.github.io/prodfilter/upscaled/na-pa-vin-sariththira-sirukathaikal_jpg.webp","","500","","","Goura Padhipagam, Na Parthasarathy, Novel, tamil-books"
"Sathiya Vellam Goura Pathippagak Kuzhumam","sathiya-vellam-goura-pathippagak-kuzhumam","<p>
  <strong>Book Title:</strong> சத்திய வெள்ளம் (Sathiya Vellam Goura Pathippagak Kuzhumam)<br>
  <strong>Author:</strong>
  <a href=""https://dodobooks.in/collections/na-parthasarathy"" title=""na-parthasarathy"">
   நா. பார்த்தசாரதி (Na Parthasarathy)
  </a><br>
  <strong>Publisher:</strong>
  <a href=""https://dodobooks.in/collections/goura-padhipagam"" title=""goura-padhipagam"">
    கௌரா பதிப்பகக் குழுமம் (Goura Padhipagam)
  </a><br>
  <strong>Year:</strong> -<br>
  <strong>Category:</strong>
  <a href=""https://dodobooks.in/collections/novel"" title=""novel"">
   நாவல் (Novel)
  </a><br>
  <strong>Subject:</strong> - (-)<br>
  <strong>No. of pages:</strong> 448<br>
  <strong>Language:</strong> தமிழ் (Tamil)<br>
  <strong>Book format:</strong> Paper Back<br>
  <strong>ISBN:</strong> -
</p>","dodobooks","TRUE","draft","https://samuvelraja.github.io/prodfilter/upscaled/sathiya-vellam_thirumagal_nilayam_jpg.webp","","420","","","Goura Padhipagam, Na Parthasarathy, Novel, tamil-books"
"Sollin Selvam","sollin-selvam","<p>
  <strong>Book Title:</strong> சொல்லின் செல்வம் (Sollin Selvam)<br>
  <strong>Author:</strong>
  <a href=""https://dodobooks.in/collections/na-parthasarathy"" title=""na-parthasarathy"">
   நா. பார்த்தசாரதி (Na Parthasarathy)
  </a><br>
  <strong>Publisher:</strong>
  <a href=""https://dodobooks.in/collections/goura-padhipagam"" title=""goura-padhipagam"">
    கௌரா பதிப்பகக் குழுமம் (Goura Padhipagam)
  </a><br>
  <strong>Year:</strong> -<br>
  <strong>Category:</strong>
  <a href=""https://dodobooks.in/collections/novel"" title=""novel"">
   நாவல் (Novel)
  </a><br>
  <strong>Subject:</strong> - (-)<br>
  <strong>No. of pages:</strong> 204<br>
  <strong>Language:</strong> தமிழ் (Tamil)<br>
  <strong>Book format:</strong> Paper Back<br>
  <strong>ISBN:</strong> -
</p>","dodobooks","TRUE","draft","https://samuvelraja.github.io/prodfilter/upscaled/sollin-selvam_jpg.webp","","200","","","Goura Padhipagam, Na Parthasarathy, Novel, tamil-books"
"Thulasimaadam Kumaran Pathippagam","thulasimaadam-kumaran-pathippagam","<p>
  <strong>Book Title:</strong> துளசிமாடம் (Thulasimaadam Kumaran Pathippagam)<br>
  <strong>Author:</strong>
  <a href=""https://dodobooks.in/collections/na-parthasarathy"" title=""na-parthasarathy"">
   நா. பார்த்தசாரதி (Na Parthasarathy)
  </a><br>
  <strong>Publisher:</strong>
  <a href=""https://dodobooks.in/collections/kumaran-pathippagam"" title=""kumaran-pathippagam"">
    குமரன் பதிப்பகம் (Kumaran Pathippagam)
  </a><br>
  <strong>Year:</strong> -<br>
  <strong>Category:</strong>
  <a href=""https://dodobooks.in/collections/novel"" title=""novel"">
   நாவல் (Novel)
  </a><br>
  <strong>Subject:</strong> - (-)<br>
  <strong>No. of pages:</strong> -<br>
  <strong>Language:</strong> தமிழ் (Tamil)<br>
  <strong>Book format:</strong> Paper Back<br>
  <strong>ISBN:</strong> -
</p>","dodobooks","TRUE","draft","https://samuvelraja.github.io/prodfilter/upscaled/thulasi-maadam_jpg.webp","","200","","","Kumaran Pathippagam, Na Parthasarathy, Novel, tamil-books"
"Kurinji Malar Kumaran Pathippagam","kurinji-malar-kumaran-pathippagam","<p>
  <strong>Book Title:</strong> குறிஞ்சி மலர் (Kurinji Malar Kumaran Pathippagam)<br>
  <strong>Author:</strong>
  <a href=""https://dodobooks.in/collections/na-parthasarathy"" title=""na-parthasarathy"">
   நா. பார்த்தசாரதி (Na Parthasarathy)
  </a><br>
  <strong>Publisher:</strong>
  <a href=""https://dodobooks.in/collections/kumaran-pathippagam"" title=""kumaran-pathippagam"">
    குமரன் பதிப்பகம் (Kumaran Pathippagam)
  </a><br>
  <strong>Year:</strong> -<br>
  <strong>Category:</strong>
  <a href=""https://dodobooks.in/collections/novel"" title=""novel"">
   நாவல் (Novel)
  </a><br>
  <strong>Subject:</strong> - (-)<br>
  <strong>No. of pages:</strong> -<br>
  <strong>Language:</strong> தமிழ் (Tamil)<br>
  <strong>Book format:</strong> Paper Back<br>
  <strong>ISBN:</strong> -
</p>","dodobooks","TRUE","draft","https://samuvelraja.github.io/prodfilter/upscaled/kurinji-malar_na-pa_kavitha_jpg.webp","","250","","","Kumaran Pathippagam, Na Parthasarathy, Novel, tamil-books"